source_updated_at,fetched_at,location,district,dico,global_id_local,target_date,tmax_c,tmax_source,normal_period,normal_station,normal_tmax_c,threshold_c,exceeds_threshold,available_window_days,consecutive_exceedance_days,heat_wave_6day,forecast_in_6day_window,pre_heat_wave_5day,forecast_in_5day_window,heat_wave_window_start,heat_wave_window_end,pre_heat_wave_window_start,pre_heat_wave_window_end,heat_wave_status,heat_wave_level,missing_inputs,recommendation_summary,source
2026-10-01T07:56:30,2026-10-01T15:40:49Z,Matosinhos,Porto,1308,1130800,2026-10-01,20.8,forecast,1991-2020,Porto/Pedras Rubras (estação IPMA 545),20.7,25.7,FALSE,159,0,FALSE,FALSE,FALSE,FALSE,,,,,Sem critério,0,,Sem critério de onda de calor no horizonte disponível; manter vigilância e acompanhar atualizações.,"IPMA heat wave definition using observed IPMA temperatures, IPMA Matosinhos forecasts and IPMA 1991-2020 Porto/Pedras Rubras normal"
2026-10-01T07:56:30,2026-10-01T15:40:49Z,Matosinhos,Porto,1308,1130800,2026-10-02,24,forecast,1991-2020,Porto/Pedras Rubras (estação IPMA 545),20.7,25.7,FALSE,159,0,FALSE,FALSE,FALSE,FALSE,,,,,Sem critério,0,,Sem critério de onda de calor no horizonte disponível; manter vigilância e acompanhar atualizações.,"IPMA heat wave definition using observed IPMA temperatures, IPMA Matosinhos forecasts and IPMA 1991-2020 Porto/Pedras Rubras normal"
2026-10-01T07:56:30,2026-10-01T15:40:49Z,Matosinhos,Porto,1308,1130800,2026-10-03,24.3,forecast,1991-2020,Porto/Pedras Rubras (estação IPMA 545),20.7,25.7,FALSE,159,0,FALSE,FALSE,FALSE,FALSE,,,,,Sem critério,0,,Sem critério de onda de calor no horizonte disponível; manter vigilância e acompanhar atualizações.,"IPMA heat wave definition using observed IPMA temperatures, IPMA Matosinhos forecasts and IPMA 1991-2020 Porto/Pedras Rubras normal"
2026-10-01T07:56:30,2026-10-01T15:40:49Z,Matosinhos,Porto,1308,1130800,2026-10-04,25.1,forecast,1991-2020,Porto/Pedras Rubras (estação IPMA 545),20.7,25.7,FALSE,159,0,FALSE,FALSE,FALSE,FALSE,,,,,Sem critério,0,,Sem critério de onda de calor no horizonte disponível; manter vigilância e acompanhar atualizações.,"IPMA heat wave definition using observed IPMA temperatures, IPMA Matosinhos forecasts and IPMA 1991-2020 Porto/Pedras Rubras normal"
2026-10-01T07:56:30,2026-10-01T15:40:49Z,Matosinhos,Porto,1308,1130800,2026-10-05,22.1,forecast,1991-2020,Porto/Pedras Rubras (estação IPMA 545),20.7,25.7,FALSE,159,0,FALSE,FALSE,FALSE,FALSE,,,,,Sem critério,0,,Sem critério de onda de calor no horizonte disponível; manter vigilância e acompanhar atualizações.,"IPMA heat wave definition using observed IPMA temperatures, IPMA Matosinhos forecasts and IPMA 1991-2020 Porto/Pedras Rubras normal"
2026-10-01T07:56:30,2026-10-01T15:40:49Z,Matosinhos,Porto,1308,1130800,2026-10-06,20.6,forecast,1991-2020,Porto/Pedras Rubras (estação IPMA 545),20.7,25.7,FALSE,159,0,FALSE,FALSE,FALSE,FALSE,,,,,Sem critério,0,,Sem critério de onda de calor no horizonte disponível; manter vigilância e acompanhar atualizações.,"IPMA heat wave definition using observed IPMA temperatures, IPMA Matosinhos forecasts and IPMA 1991-2020 Porto/Pedras Rubras normal"
2026-10-01T07:56:30,2026-10-01T15:40:49Z,Matosinhos,Porto,1308,1130800,2026-10-07,20.3,forecast,1991-2020,Porto/Pedras Rubras (estação IPMA 545),20.7,25.7,FALSE,159,0,FALSE,FALSE,FALSE,FALSE,,,,,Sem critério,0,,Sem critério de onda de calor no horizonte disponível; manter vigilância e acompanhar atualizações.,"IPMA heat wave definition using observed IPMA temperatures, IPMA Matosinhos forecasts and IPMA 1991-2020 Porto/Pedras Rubras normal"
2026-10-01T07:56:30,2026-10-01T15:40:49Z,Matosinhos,Porto,1308,1130800,2026-10-08,22.3,forecast,1991-2020,Porto/Pedras Rubras (estação IPMA 545),20.7,25.7,FALSE,159,0,FALSE,FALSE,FALSE,FALSE,,,,,Sem critério,0,,Sem critério de onda de calor no horizonte disponível; manter vigilância e acompanhar atualizações.,"IPMA heat wave definition using observed IPMA temperatures, IPMA Matosinhos forecasts and IPMA 1991-2020 Porto/Pedras Rubras normal"
2026-10-01T07:56:30,2026-10-01T15:40:49Z,Matosinhos,Porto,1308,1130800,2026-10-09,21.8,forecast,1991-2020,Porto/Pedras Rubras (estação IPMA 545),20.7,25.7,FALSE,159,0,FALSE,FALSE,FALSE,FALSE,,,,,Sem critério,0,,Sem critério de onda de calor no horizonte disponível; manter vigilância e acompanhar atualizações.,"IPMA heat wave definition using observed IPMA temperatures, IPMA Matosinhos forecasts and IPMA 1991-2020 Porto/Pedras Rubras normal"
2026-10-01T07:56:30,2026-10-01T15:40:49Z,Matosinhos,Porto,1308,1130800,2026-10-10,21,forecast,1991-2020,Porto/Pedras Rubras (estação IPMA 545),20.7,25.7,FALSE,159,0,FALSE,FALSE,FALSE,FALSE,,,,,Sem critério,0,,Sem critério de onda de calor no horizonte disponível; manter vigilância e acompanhar atualizações.,"IPMA heat wave definition using observed IPMA temperatures, IPMA Matosinhos forecasts and IPMA 1991-2020 Porto/Pedras Rubras normal"
