source_updated_at,fetched_at,location,district,global_id_local,latitude,longitude,forecast_datetime_utc,forecast_date,period_hours,period_type,intervalo_hora,weather_type_id,precipitation_intensity_id,precipitation_probability_percent,tmed_c,tmin_c,tmax_c,humidity_percent,utci_c,wind_speed_kmh,wind_speed_class_id,wind_direction,uv_index,source
2026-10-04T07:56:23,2026-10-04T14:12:22Z,Matosinhos,Porto,1130800,41.1805,-8.6810,2026-10-04T00:00:00,2026-10-04,24,daily,,5,,4.0,,16.4,22.0,,,,2,NW,4.6,IPMA public-data forecast aggregate by local
2026-10-04T07:56:23,2026-10-04T14:12:22Z,Matosinhos,Porto,1130800,41.1805,-8.6810,2026-10-04T02:00:00,2026-10-04,1,hourly,,1,,,19.1,,,75.1,18.8,12.2,,E,,IPMA public-data forecast aggregate by local
2026-10-04T07:56:23,2026-10-04T14:12:22Z,Matosinhos,Porto,1130800,41.1805,-8.6810,2026-10-04T03:00:00,2026-10-04,1,hourly,,1,,4.0,19.1,,,73.7,18.8,11.2,,E,,IPMA public-data forecast aggregate by local
2026-10-04T07:56:23,2026-10-04T14:12:22Z,Matosinhos,Porto,1130800,41.1805,-8.6810,2026-10-04T04:00:00,2026-10-04,1,hourly,,1,,,18.6,,,75.2,18.3,9.0,,E,,IPMA public-data forecast aggregate by local
2026-10-04T07:56:23,2026-10-04T14:12:22Z,Matosinhos,Porto,1130800,41.1805,-8.6810,2026-10-04T05:00:00,2026-10-04,1,hourly,,1,,,18.0,,,77.5,17.7,8.3,,E,,IPMA public-data forecast aggregate by local
2026-10-04T07:56:23,2026-10-04T14:12:22Z,Matosinhos,Porto,1130800,41.1805,-8.6810,2026-10-04T06:00:00,2026-10-04,1,hourly,,1,,0.0,17.5,,,79.8,17.0,8.6,,E,,IPMA public-data forecast aggregate by local
2026-10-04T07:56:23,2026-10-04T14:12:22Z,Matosinhos,Porto,1130800,41.1805,-8.6810,2026-10-04T07:00:00,2026-10-04,1,hourly,,1,,,17.8,,,78.6,17.2,10.8,,E,,IPMA public-data forecast aggregate by local
2026-10-04T07:56:23,2026-10-04T14:12:22Z,Matosinhos,Porto,1130800,41.1805,-8.6810,2026-10-04T08:00:00,2026-10-04,1,hourly,,1,,,19.3,,,74.7,19.1,10.4,,E,,IPMA public-data forecast aggregate by local
2026-10-04T07:56:23,2026-10-04T14:12:22Z,Matosinhos,Porto,1130800,41.1805,-8.6810,2026-10-04T09:00:00,2026-10-04,1,hourly,,3,,6.0,17.8,,,84.7,16.2,23.4,,S,,IPMA public-data forecast aggregate by local
2026-10-04T07:56:23,2026-10-04T14:12:22Z,Matosinhos,Porto,1130800,41.1805,-8.6810,2026-10-04T10:00:00,2026-10-04,1,hourly,,2,,,18.6,,,83.0,18.7,6.8,,N,,IPMA public-data forecast aggregate by local
2026-10-04T07:56:23,2026-10-04T14:12:22Z,Matosinhos,Porto,1130800,41.1805,-8.6810,2026-10-04T11:00:00,2026-10-04,1,hourly,,5,,,20.3,,,75.0,20.6,8.6,,NW,,IPMA public-data forecast aggregate by local
2026-10-04T07:56:23,2026-10-04T14:12:22Z,Matosinhos,Porto,1130800,41.1805,-8.6810,2026-10-04T12:00:00,2026-10-04,1,hourly,,5,,0.0,20.3,,,76.3,20.3,14.4,,NW,,IPMA public-data forecast aggregate by local
2026-10-04T07:56:23,2026-10-04T14:12:22Z,Matosinhos,Porto,1130800,41.1805,-8.6810,2026-10-04T13:00:00,2026-10-04,1,hourly,,5,,,19.7,,,78.8,19.4,16.9,,NW,,IPMA public-data forecast aggregate by local
2026-10-04T07:56:23,2026-10-04T14:12:22Z,Matosinhos,Porto,1130800,41.1805,-8.6810,2026-10-04T14:00:00,2026-10-04,1,hourly,,5,,,20.1,,,76.4,20.1,13.3,,NW,,IPMA public-data forecast aggregate by local
2026-10-04T07:56:23,2026-10-04T14:12:22Z,Matosinhos,Porto,1130800,41.1805,-8.6810,2026-10-04T15:00:00,2026-10-04,1,hourly,,5,,0.0,22.0,,,74.8,20.9,10.1,,NW,,IPMA public-data forecast aggregate by local
2026-10-04T07:56:23,2026-10-04T14:12:22Z,Matosinhos,Porto,1130800,41.1805,-8.6810,2026-10-04T16:00:00,2026-10-04,1,hourly,,5,,,20.5,,,76.5,21.0,7.9,,NW,,IPMA public-data forecast aggregate by local
2026-10-04T07:56:23,2026-10-04T14:12:22Z,Matosinhos,Porto,1130800,41.1805,-8.6810,2026-10-04T17:00:00,2026-10-04,1,hourly,,5,,,19.9,,,79.2,20.4,5.4,,NW,,IPMA public-data forecast aggregate by local
2026-10-04T07:56:23,2026-10-04T14:12:22Z,Matosinhos,Porto,1130800,41.1805,-8.6810,2026-10-04T18:00:00,2026-10-04,1,hourly,,5,,0.0,19.2,,,84.3,20.0,2.5,,SW,,IPMA public-data forecast aggregate by local
2026-10-04T07:56:23,2026-10-04T14:12:22Z,Matosinhos,Porto,1130800,41.1805,-8.6810,2026-10-04T19:00:00,2026-10-04,1,hourly,,5,,,17.7,,,92.5,18.1,3.6,,SW,,IPMA public-data forecast aggregate by local
2026-10-04T07:56:23,2026-10-04T14:12:22Z,Matosinhos,Porto,1130800,41.1805,-8.6810,2026-10-04T20:00:00,2026-10-04,1,hourly,,5,,,17.4,,,94.2,17.7,4.3,,S,,IPMA public-data forecast aggregate by local
2026-10-04T07:56:23,2026-10-04T14:12:22Z,Matosinhos,Porto,1130800,41.1805,-8.6810,2026-10-04T21:00:00,2026-10-04,1,hourly,,5,,0.0,17.4,,,95.1,17.1,6.8,,S,,IPMA public-data forecast aggregate by local
2026-10-04T07:56:23,2026-10-04T14:12:22Z,Matosinhos,Porto,1130800,41.1805,-8.6810,2026-10-04T22:00:00,2026-10-04,1,hourly,,5,,,17.4,,,94.1,17.1,7.6,,SE,,IPMA public-data forecast aggregate by local
2026-10-04T07:56:23,2026-10-04T14:12:22Z,Matosinhos,Porto,1130800,41.1805,-8.6810,2026-10-04T23:00:00,2026-10-04,1,hourly,,5,,,16.4,,,93.7,16.8,6.5,,S,,IPMA public-data forecast aggregate by local
2026-10-04T07:56:23,2026-10-04T14:12:22Z,Matosinhos,Porto,1130800,41.1805,-8.6810,2026-10-05T00:00:00,2026-10-05,1,hourly,,5,,0.0,16.9,,,93.8,16.5,6.1,,SE,,IPMA public-data forecast aggregate by local
2026-10-04T07:56:23,2026-10-04T14:12:22Z,Matosinhos,Porto,1130800,41.1805,-8.6810,2026-10-05T00:00:00,2026-10-05,24,daily,,7,1,65.0,,15.4,24.2,,,,2,NW,3.4,IPMA public-data forecast aggregate by local
2026-10-04T07:56:23,2026-10-04T14:12:22Z,Matosinhos,Porto,1130800,41.1805,-8.6810,2026-10-05T01:00:00,2026-10-05,1,hourly,,1,,,16.8,,,94.0,16.4,5.4,,SE,,IPMA public-data forecast aggregate by local
2026-10-04T07:56:23,2026-10-04T14:12:22Z,Matosinhos,Porto,1130800,41.1805,-8.6810,2026-10-05T02:00:00,2026-10-05,1,hourly,,2,,,16.6,,,94.4,16.6,4.0,,SE,,IPMA public-data forecast aggregate by local
2026-10-04T07:56:23,2026-10-04T14:12:22Z,Matosinhos,Porto,1130800,41.1805,-8.6810,2026-10-05T03:00:00,2026-10-05,1,hourly,,1,,0.0,16.3,,,95.6,16.3,4.7,,SE,,IPMA public-data forecast aggregate by local
2026-10-04T07:56:23,2026-10-04T14:12:22Z,Matosinhos,Porto,1130800,41.1805,-8.6810,2026-10-05T04:00:00,2026-10-05,1,hourly,,1,,,16.2,,,95.3,15.8,5.0,,SE,,IPMA public-data forecast aggregate by local
2026-10-04T07:56:23,2026-10-04T14:12:22Z,Matosinhos,Porto,1130800,41.1805,-8.6810,2026-10-05T05:00:00,2026-10-05,1,hourly,,1,,,15.4,,,94.8,15.5,6.5,,SE,,IPMA public-data forecast aggregate by local
2026-10-04T07:56:23,2026-10-04T14:12:22Z,Matosinhos,Porto,1130800,41.1805,-8.6810,2026-10-05T06:00:00,2026-10-05,1,hourly,,1,,0.0,16.3,,,92.3,15.6,7.2,,E,,IPMA public-data forecast aggregate by local
2026-10-04T07:56:23,2026-10-04T14:12:22Z,Matosinhos,Porto,1130800,41.1805,-8.6810,2026-10-05T07:00:00,2026-10-05,1,hourly,,1,,,16.2,,,91.4,15.3,9.4,,E,,IPMA public-data forecast aggregate by local
2026-10-04T07:56:23,2026-10-04T14:12:22Z,Matosinhos,Porto,1130800,41.1805,-8.6810,2026-10-05T08:00:00,2026-10-05,1,hourly,,1,,,17.9,,,84.0,17.5,10.1,,E,,IPMA public-data forecast aggregate by local
2026-10-04T07:56:23,2026-10-04T14:12:22Z,Matosinhos,Porto,1130800,41.1805,-8.6810,2026-10-05T09:00:00,2026-10-05,1,hourly,,1,,0.0,20.5,,,74.4,20.9,8.6,,E,,IPMA public-data forecast aggregate by local
2026-10-04T07:56:23,2026-10-04T14:12:22Z,Matosinhos,Porto,1130800,41.1805,-8.6810,2026-10-05T10:00:00,2026-10-05,1,hourly,,1,,,22.2,,,65.1,22.8,6.8,,E,,IPMA public-data forecast aggregate by local
2026-10-04T07:56:23,2026-10-04T14:12:22Z,Matosinhos,Porto,1130800,41.1805,-8.6810,2026-10-05T11:00:00,2026-10-05,1,hourly,,1,,,23.0,,,61.0,23.9,4.0,,SE,,IPMA public-data forecast aggregate by local
2026-10-04T07:56:23,2026-10-04T14:12:22Z,Matosinhos,Porto,1130800,41.1805,-8.6810,2026-10-05T12:00:00,2026-10-05,1,hourly,,1,,2.0,24.2,,,60.4,23.6,5.4,,W,,IPMA public-data forecast aggregate by local
2026-10-04T07:56:23,2026-10-04T14:12:22Z,Matosinhos,Porto,1130800,41.1805,-8.6810,2026-10-05T13:00:00,2026-10-05,1,hourly,,5,,,22.3,,,67.8,22.6,13.3,,W,,IPMA public-data forecast aggregate by local
2026-10-04T07:56:23,2026-10-04T14:12:22Z,Matosinhos,Porto,1130800,41.1805,-8.6810,2026-10-05T14:00:00,2026-10-05,1,hourly,,2,,,21.2,,,76.5,21.4,15.1,,NW,,IPMA public-data forecast aggregate by local
2026-10-04T07:56:23,2026-10-04T14:12:22Z,Matosinhos,Porto,1130800,41.1805,-8.6810,2026-10-05T15:00:00,2026-10-05,1,hourly,,5,,4.0,20.8,,,77.2,21.0,13.3,,NW,,IPMA public-data forecast aggregate by local
2026-10-04T07:56:23,2026-10-04T14:12:22Z,Matosinhos,Porto,1130800,41.1805,-8.6810,2026-10-05T16:00:00,2026-10-05,1,hourly,,5,,,20.4,,,76.1,20.7,9.7,,NW,,IPMA public-data forecast aggregate by local
2026-10-04T07:56:23,2026-10-04T14:12:22Z,Matosinhos,Porto,1130800,41.1805,-8.6810,2026-10-05T17:00:00,2026-10-05,1,hourly,,3,,,19.5,,,79.7,19.8,7.6,,NW,,IPMA public-data forecast aggregate by local
2026-10-04T07:56:23,2026-10-04T14:12:22Z,Matosinhos,Porto,1130800,41.1805,-8.6810,2026-10-05T18:00:00,2026-10-05,1,hourly,,3,,14.0,19.2,,,81.7,19.4,6.8,,NE,,IPMA public-data forecast aggregate by local
2026-10-04T07:56:23,2026-10-04T14:12:22Z,Matosinhos,Porto,1130800,41.1805,-8.6810,2026-10-05T19:00:00,2026-10-05,1,hourly,,7,1,,18.9,,,83.4,19.1,6.5,,NE,,IPMA public-data forecast aggregate by local
2026-10-04T07:56:23,2026-10-04T14:12:22Z,Matosinhos,Porto,1130800,41.1805,-8.6810,2026-10-05T20:00:00,2026-10-05,1,hourly,,7,1,,18.6,,,85.7,19.2,4.0,,N,,IPMA public-data forecast aggregate by local
2026-10-04T07:56:23,2026-10-04T14:12:22Z,Matosinhos,Porto,1130800,41.1805,-8.6810,2026-10-05T21:00:00,2026-10-05,1,hourly,,7,1,39.0,17.7,,,89.7,18.0,1.8,,N,,IPMA public-data forecast aggregate by local
2026-10-04T07:56:23,2026-10-04T14:12:22Z,Matosinhos,Porto,1130800,41.1805,-8.6810,2026-10-05T22:00:00,2026-10-05,1,hourly,,7,1,,17.2,,,91.2,17.4,1.8,,SW,,IPMA public-data forecast aggregate by local
2026-10-04T07:56:23,2026-10-04T14:12:22Z,Matosinhos,Porto,1130800,41.1805,-8.6810,2026-10-05T23:00:00,2026-10-05,1,hourly,,7,1,,16.9,,,92.9,16.4,6.5,,S,,IPMA public-data forecast aggregate by local
2026-10-04T07:56:23,2026-10-04T14:12:22Z,Matosinhos,Porto,1130800,41.1805,-8.6810,2026-10-06T00:00:00,2026-10-06,1,hourly,,7,1,39.0,16.7,,,94.2,15.5,12.6,,SW,,IPMA public-data forecast aggregate by local
2026-10-04T07:56:23,2026-10-04T14:12:22Z,Matosinhos,Porto,1130800,41.1805,-8.6810,2026-10-06T00:00:00,2026-10-06,24,daily,,7,1,82.0,,14.3,19.6,,,,1,NW,4.2,IPMA public-data forecast aggregate by local
2026-10-04T07:56:23,2026-10-04T14:12:22Z,Matosinhos,Porto,1130800,41.1805,-8.6810,2026-10-06T01:00:00,2026-10-06,1,hourly,,7,1,,16.0,,,97.6,15.3,7.6,,S,,IPMA public-data forecast aggregate by local
2026-10-04T07:56:23,2026-10-04T14:12:22Z,Matosinhos,Porto,1130800,41.1805,-8.6810,2026-10-06T02:00:00,2026-10-06,1,hourly,,7,1,,15.6,,,98.8,15.6,3.2,,SE,,IPMA public-data forecast aggregate by local
2026-10-04T07:56:23,2026-10-04T14:12:22Z,Matosinhos,Porto,1130800,41.1805,-8.6810,2026-10-06T03:00:00,2026-10-06,1,hourly,,7,1,45.0,15.6,,,97.8,14.7,8.6,,SE,,IPMA public-data forecast aggregate by local
2026-10-04T07:56:23,2026-10-04T14:12:22Z,Matosinhos,Porto,1130800,41.1805,-8.6810,2026-10-06T04:00:00,2026-10-06,1,hourly,,7,1,,15.5,,,97.1,14.9,5.8,,SE,,IPMA public-data forecast aggregate by local
2026-10-04T07:56:23,2026-10-04T14:12:22Z,Matosinhos,Porto,1130800,41.1805,-8.6810,2026-10-06T05:00:00,2026-10-06,1,hourly,,7,1,,15.6,,,96.7,14.9,7.2,,SE,,IPMA public-data forecast aggregate by local
2026-10-04T07:56:23,2026-10-04T14:12:22Z,Matosinhos,Porto,1130800,41.1805,-8.6810,2026-10-06T06:00:00,2026-10-06,1,hourly,,7,1,59.0,15.3,,,96.5,14.8,5.4,,SE,,IPMA public-data forecast aggregate by local
2026-10-04T07:56:23,2026-10-04T14:12:22Z,Matosinhos,Porto,1130800,41.1805,-8.6810,2026-10-06T07:00:00,2026-10-06,1,hourly,,7,1,,15.1,,,97.1,14.7,5.0,,SE,,IPMA public-data forecast aggregate by local
2026-10-04T07:56:23,2026-10-04T14:12:22Z,Matosinhos,Porto,1130800,41.1805,-8.6810,2026-10-06T08:00:00,2026-10-06,1,hourly,,7,1,,15.8,,,96.6,15.0,8.6,,S,,IPMA public-data forecast aggregate by local
2026-10-04T07:56:23,2026-10-04T14:12:22Z,Matosinhos,Porto,1130800,41.1805,-8.6810,2026-10-06T09:00:00,2026-10-06,1,hourly,,7,1,37.0,16.2,,,95.3,16.2,2.9,,S,,IPMA public-data forecast aggregate by local
2026-10-04T07:56:23,2026-10-04T14:12:22Z,Matosinhos,Porto,1130800,41.1805,-8.6810,2026-10-06T10:00:00,2026-10-06,1,hourly,,3,,,17.5,,,88.5,17.7,1.8,,SW,,IPMA public-data forecast aggregate by local
2026-10-04T07:56:23,2026-10-04T14:12:22Z,Matosinhos,Porto,1130800,41.1805,-8.6810,2026-10-06T11:00:00,2026-10-06,1,hourly,,3,,,18.2,,,82.9,18.2,6.5,,W,,IPMA public-data forecast aggregate by local
2026-10-04T07:56:23,2026-10-04T14:12:22Z,Matosinhos,Porto,1130800,41.1805,-8.6810,2026-10-06T12:00:00,2026-10-06,1,hourly,,3,,22.0,18.1,,,83.4,17.7,10.8,,NW,,IPMA public-data forecast aggregate by local
2026-10-04T07:56:23,2026-10-04T14:12:22Z,Matosinhos,Porto,1130800,41.1805,-8.6810,2026-10-06T13:00:00,2026-10-06,1,hourly,,3,,,19.6,,,81.3,18.3,11.5,,NW,,IPMA public-data forecast aggregate by local
2026-10-04T07:56:23,2026-10-04T14:12:22Z,Matosinhos,Porto,1130800,41.1805,-8.6810,2026-10-06T14:00:00,2026-10-06,1,hourly,,3,,,18.5,,,81.9,18.1,11.9,,NW,,IPMA public-data forecast aggregate by local
2026-10-04T07:56:23,2026-10-04T14:12:22Z,Matosinhos,Porto,1130800,41.1805,-8.6810,2026-10-06T15:00:00,2026-10-06,1,hourly,,3,,22.0,18.4,,,83.4,18.2,9.7,,NW,,IPMA public-data forecast aggregate by local
2026-10-04T07:56:23,2026-10-04T14:12:22Z,Matosinhos,Porto,1130800,41.1805,-8.6810,2026-10-06T16:00:00,2026-10-06,1,hourly,,3,,,18.6,,,83.5,18.5,8.6,,W,,IPMA public-data forecast aggregate by local
2026-10-04T07:56:23,2026-10-04T14:12:22Z,Matosinhos,Porto,1130800,41.1805,-8.6810,2026-10-06T17:00:00,2026-10-06,1,hourly,,3,,,17.9,,,87.3,17.4,11.5,,NW,,IPMA public-data forecast aggregate by local
2026-10-04T07:56:23,2026-10-04T14:12:22Z,Matosinhos,Porto,1130800,41.1805,-8.6810,2026-10-06T18:00:00,2026-10-06,1,hourly,,3,,24.0,17.1,,,91.1,16.6,7.9,,NW,,IPMA public-data forecast aggregate by local
2026-10-04T07:56:23,2026-10-04T14:12:22Z,Matosinhos,Porto,1130800,41.1805,-8.6810,2026-10-06T19:00:00,2026-10-06,1,hourly,,2,,,16.2,,,95.5,15.6,6.1,,NW,,IPMA public-data forecast aggregate by local
2026-10-04T07:56:23,2026-10-04T14:12:22Z,Matosinhos,Porto,1130800,41.1805,-8.6810,2026-10-06T20:00:00,2026-10-06,1,hourly,,3,,,15.7,,,98.1,15.0,7.2,,NW,,IPMA public-data forecast aggregate by local
2026-10-04T07:56:23,2026-10-04T14:12:22Z,Matosinhos,Porto,1130800,41.1805,-8.6810,2026-10-06T21:00:00,2026-10-06,1,hourly,,17,,12.0,15.0,,,100.0,14.4,5.8,,N,,IPMA public-data forecast aggregate by local
2026-10-04T07:56:23,2026-10-04T14:12:22Z,Matosinhos,Porto,1130800,41.1805,-8.6810,2026-10-06T22:00:00,2026-10-06,1,hourly,,17,,,14.8,,,99.7,14.8,4.0,,N,,IPMA public-data forecast aggregate by local
2026-10-04T07:56:23,2026-10-04T14:12:22Z,Matosinhos,Porto,1130800,41.1805,-8.6810,2026-10-06T23:00:00,2026-10-06,1,hourly,,17,,,14.3,,,99.6,14.7,2.9,,NE,,IPMA public-data forecast aggregate by local
2026-10-04T07:56:23,2026-10-04T14:12:22Z,Matosinhos,Porto,1130800,41.1805,-8.6810,2026-10-07T00:00:00,2026-10-07,1,hourly,,17,,0.0,14.5,,,99.5,14.5,2.5,,N,,IPMA public-data forecast aggregate by local
2026-10-04T07:56:23,2026-10-04T14:12:22Z,Matosinhos,Porto,1130800,41.1805,-8.6810,2026-10-07T00:00:00,2026-10-07,24,daily,,2,,20.0,,14.5,20.4,,,,2,N,4.1,IPMA public-data forecast aggregate by local
2026-10-04T07:56:23,2026-10-04T14:12:22Z,Matosinhos,Porto,1130800,41.1805,-8.6810,2026-10-07T03:00:00,2026-10-07,3,three_hourly,,17,,10.0,15.1,,,100.0,14.3,8.6,,N,,IPMA public-data forecast aggregate by local
2026-10-04T07:56:23,2026-10-04T14:12:22Z,Matosinhos,Porto,1130800,41.1805,-8.6810,2026-10-07T06:00:00,2026-10-07,3,three_hourly,,3,,12.0,15.9,,,98.7,15.1,8.3,,N,,IPMA public-data forecast aggregate by local
2026-10-04T07:56:23,2026-10-04T14:12:22Z,Matosinhos,Porto,1130800,41.1805,-8.6810,2026-10-07T09:00:00,2026-10-07,3,three_hourly,,3,,6.0,16.9,,,90.3,15.7,14.4,,N,,IPMA public-data forecast aggregate by local
2026-10-04T07:56:23,2026-10-04T14:12:22Z,Matosinhos,Porto,1130800,41.1805,-8.6810,2026-10-07T12:00:00,2026-10-07,3,three_hourly,,2,,0.0,19.3,,,72.8,18.2,23.0,,NW,,IPMA public-data forecast aggregate by local
2026-10-04T07:56:23,2026-10-04T14:12:22Z,Matosinhos,Porto,1130800,41.1805,-8.6810,2026-10-07T15:00:00,2026-10-07,3,three_hourly,,1,,2.0,19.0,,,79.6,17.5,28.4,,NW,,IPMA public-data forecast aggregate by local
2026-10-04T07:56:23,2026-10-04T14:12:22Z,Matosinhos,Porto,1130800,41.1805,-8.6810,2026-10-07T18:00:00,2026-10-07,3,three_hourly,,1,,2.0,18.6,,,80.1,17.0,27.7,,N,,IPMA public-data forecast aggregate by local
2026-10-04T07:56:23,2026-10-04T14:12:22Z,Matosinhos,Porto,1130800,41.1805,-8.6810,2026-10-07T21:00:00,2026-10-07,3,three_hourly,,1,,2.0,17.0,,,83.0,15.4,18.7,,N,,IPMA public-data forecast aggregate by local
2026-10-04T07:56:23,2026-10-04T14:12:22Z,Matosinhos,Porto,1130800,41.1805,-8.6810,2026-10-08T00:00:00,2026-10-08,24,daily,,1,,0.0,,14.0,22.5,,,,2,N,4.7,IPMA public-data forecast aggregate by local
2026-10-04T07:56:23,2026-10-04T14:12:22Z,Matosinhos,Porto,1130800,41.1805,-8.6810,2026-10-08T00:00:00,2026-10-08,3,three_hourly,,1,,0.0,15.6,,,87.9,14.0,16.9,,N,,IPMA public-data forecast aggregate by local
2026-10-04T07:56:23,2026-10-04T14:12:22Z,Matosinhos,Porto,1130800,41.1805,-8.6810,2026-10-08T03:00:00,2026-10-08,3,three_hourly,,1,,0.0,14.8,,,87.2,13.1,17.6,,N,,IPMA public-data forecast aggregate by local
2026-10-04T07:56:23,2026-10-04T14:12:22Z,Matosinhos,Porto,1130800,41.1805,-8.6810,2026-10-08T06:00:00,2026-10-08,3,three_hourly,,1,,0.0,14.5,,,81.6,13.0,14.8,,N,,IPMA public-data forecast aggregate by local
2026-10-04T07:56:23,2026-10-04T14:12:22Z,Matosinhos,Porto,1130800,41.1805,-8.6810,2026-10-08T09:00:00,2026-10-08,3,three_hourly,,1,,0.0,17.4,,,68.3,16.3,14.0,,N,,IPMA public-data forecast aggregate by local
2026-10-04T07:56:23,2026-10-04T14:12:22Z,Matosinhos,Porto,1130800,41.1805,-8.6810,2026-10-08T12:00:00,2026-10-08,3,three_hourly,,1,,0.0,20.5,,,57.8,19.7,18.0,,N,,IPMA public-data forecast aggregate by local
2026-10-04T07:56:23,2026-10-04T14:12:22Z,Matosinhos,Porto,1130800,41.1805,-8.6810,2026-10-08T15:00:00,2026-10-08,3,three_hourly,,1,,0.0,20.9,,,53.5,19.8,22.0,,N,,IPMA public-data forecast aggregate by local
2026-10-04T07:56:23,2026-10-04T14:12:22Z,Matosinhos,Porto,1130800,41.1805,-8.6810,2026-10-08T18:00:00,2026-10-08,3,three_hourly,,1,,0.0,20.0,,,54.3,18.8,20.9,,N,,IPMA public-data forecast aggregate by local
2026-10-04T07:56:23,2026-10-04T14:12:22Z,Matosinhos,Porto,1130800,41.1805,-8.6810,2026-10-08T21:00:00,2026-10-08,3,three_hourly,,1,,0.0,17.2,,,61.3,16.1,13.3,,NE,,IPMA public-data forecast aggregate by local
2026-10-04T07:56:23,2026-10-04T14:12:22Z,Matosinhos,Porto,1130800,41.1805,-8.6810,2026-10-09T00:00:00,2026-10-09,24,daily,,1,,0.0,,12.9,21.0,,,,2,NE,,IPMA public-data forecast aggregate by local
2026-10-04T07:56:23,2026-10-04T14:12:22Z,Matosinhos,Porto,1130800,41.1805,-8.6810,2026-10-09T00:00:00,2026-10-09,3,three_hourly,,1,,0.0,16.8,,,59.2,15.1,19.4,,E,,IPMA public-data forecast aggregate by local
2026-10-04T07:56:23,2026-10-04T14:12:22Z,Matosinhos,Porto,1130800,41.1805,-8.6810,2026-10-09T03:00:00,2026-10-09,3,three_hourly,,1,,0.0,15.7,,,57.8,14.4,14.0,,E,,IPMA public-data forecast aggregate by local
2026-10-04T07:56:23,2026-10-04T14:12:22Z,Matosinhos,Porto,1130800,41.1805,-8.6810,2026-10-09T06:00:00,2026-10-09,3,three_hourly,,1,,0.0,13.8,,,65.0,12.4,13.7,,NE,,IPMA public-data forecast aggregate by local
2026-10-04T07:56:23,2026-10-04T14:12:22Z,Matosinhos,Porto,1130800,41.1805,-8.6810,2026-10-09T09:00:00,2026-10-09,3,three_hourly,,1,,0.0,17.1,,,56.7,15.7,15.8,,NE,,IPMA public-data forecast aggregate by local
2026-10-04T07:56:23,2026-10-04T14:12:22Z,Matosinhos,Porto,1130800,41.1805,-8.6810,2026-10-09T12:00:00,2026-10-09,3,three_hourly,,1,,0.0,19.9,,,51.2,19.3,11.5,,NE,,IPMA public-data forecast aggregate by local
2026-10-04T07:56:23,2026-10-04T14:12:22Z,Matosinhos,Porto,1130800,41.1805,-8.6810,2026-10-09T15:00:00,2026-10-09,3,three_hourly,,1,,0.0,17.7,,,70.7,16.0,22.7,,NW,,IPMA public-data forecast aggregate by local
2026-10-04T07:56:23,2026-10-04T14:12:22Z,Matosinhos,Porto,1130800,41.1805,-8.6810,2026-10-09T18:00:00,2026-10-09,3,three_hourly,,1,,0.0,17.0,,,64.1,15.4,19.1,,N,,IPMA public-data forecast aggregate by local
2026-10-04T07:56:23,2026-10-04T14:12:22Z,Matosinhos,Porto,1130800,41.1805,-8.6810,2026-10-09T21:00:00,2026-10-09,3,three_hourly,,1,,0.0,15.2,,,78.5,14.5,7.9,,N,,IPMA public-data forecast aggregate by local
2026-10-04T07:56:23,2026-10-04T14:12:22Z,Matosinhos,Porto,1130800,41.1805,-8.6810,2026-10-10T00:00:00,2026-10-10,24,daily,,2,,2.0,,12.2,19.8,,,,2,NW,,IPMA public-data forecast aggregate by local
2026-10-04T07:56:23,2026-10-04T14:12:22Z,Matosinhos,Porto,1130800,41.1805,-8.6810,2026-10-10T00:00:00,2026-10-10,3,three_hourly,,2,,0.0,14.4,,,79.2,13.5,8.3,,NE,,IPMA public-data forecast aggregate by local
2026-10-04T07:56:23,2026-10-04T14:12:22Z,Matosinhos,Porto,1130800,41.1805,-8.6810,2026-10-11T00:00:00,2026-10-11,24,daily,,2,,10.0,,12.7,19.5,,,,1,W,,IPMA public-data forecast aggregate by local
2026-10-04T07:56:23,2026-10-04T14:12:22Z,Matosinhos,Porto,1130800,41.1805,-8.6810,2026-10-12T00:00:00,2026-10-12,24,daily,,2,,6.0,,13.0,19.7,,,,2,NW,,IPMA public-data forecast aggregate by local
2026-10-04T07:56:23,2026-10-04T14:12:22Z,Matosinhos,Porto,1130800,41.1805,-8.6810,2026-10-13T00:00:00,2026-10-13,24,daily,,2,,18.0,,13.4,20.2,,,,1,NW,,IPMA public-data forecast aggregate by local
