source_updated_at,fetched_at,location,district,global_id_local,target_date,forecast_datetime_utc,forecast_datetime_local,period_hours,utci_c,thermal_level,thermal_level_order,thermal_color,thermal_stress_type,protection_required,recommendation_summary,source
2026-10-09T07:56:31,2026-10-09T15:24:41Z,Matosinhos,Porto,1130800,2026-10-09,2026-10-09T02:00:00,2026-10-09 03:00,1,14.5,Sem stress térmico,0,Verde,Sem stress térmico,Vigilância habitual,Sem stress térmico relevante; manter vigilância habitual.,IPMA public-data forecast aggregate UTCI/temperatura sentida
2026-10-09T07:56:31,2026-10-09T15:24:41Z,Matosinhos,Porto,1130800,2026-10-09,2026-10-09T03:00:00,2026-10-09 04:00,1,14.1,Sem stress térmico,0,Verde,Sem stress térmico,Vigilância habitual,Sem stress térmico relevante; manter vigilância habitual.,IPMA public-data forecast aggregate UTCI/temperatura sentida
2026-10-09T07:56:31,2026-10-09T15:24:41Z,Matosinhos,Porto,1130800,2026-10-09,2026-10-09T04:00:00,2026-10-09 05:00,1,13.5,Sem stress térmico,0,Verde,Sem stress térmico,Vigilância habitual,Sem stress térmico relevante; manter vigilância habitual.,IPMA public-data forecast aggregate UTCI/temperatura sentida
2026-10-09T07:56:31,2026-10-09T15:24:41Z,Matosinhos,Porto,1130800,2026-10-09,2026-10-09T05:00:00,2026-10-09 06:00,1,13.1,Sem stress térmico,0,Verde,Sem stress térmico,Vigilância habitual,Sem stress térmico relevante; manter vigilância habitual.,IPMA public-data forecast aggregate UTCI/temperatura sentida
2026-10-09T07:56:31,2026-10-09T15:24:41Z,Matosinhos,Porto,1130800,2026-10-09,2026-10-09T06:00:00,2026-10-09 07:00,1,12.7,Sem stress térmico,0,Verde,Sem stress térmico,Vigilância habitual,Sem stress térmico relevante; manter vigilância habitual.,IPMA public-data forecast aggregate UTCI/temperatura sentida
2026-10-09T07:56:31,2026-10-09T15:24:41Z,Matosinhos,Porto,1130800,2026-10-09,2026-10-09T07:00:00,2026-10-09 08:00,1,12.5,Sem stress térmico,0,Verde,Sem stress térmico,Vigilância habitual,Sem stress térmico relevante; manter vigilância habitual.,IPMA public-data forecast aggregate UTCI/temperatura sentida
2026-10-09T07:56:31,2026-10-09T15:24:41Z,Matosinhos,Porto,1130800,2026-10-09,2026-10-09T08:00:00,2026-10-09 09:00,1,13.4,Sem stress térmico,0,Verde,Sem stress térmico,Vigilância habitual,Sem stress térmico relevante; manter vigilância habitual.,IPMA public-data forecast aggregate UTCI/temperatura sentida
2026-10-09T07:56:31,2026-10-09T15:24:41Z,Matosinhos,Porto,1130800,2026-10-09,2026-10-09T09:00:00,2026-10-09 10:00,1,15.7,Sem stress térmico,0,Verde,Sem stress térmico,Vigilância habitual,Sem stress térmico relevante; manter vigilância habitual.,IPMA public-data forecast aggregate UTCI/temperatura sentida
2026-10-09T07:56:31,2026-10-09T15:24:41Z,Matosinhos,Porto,1130800,2026-10-09,2026-10-09T10:00:00,2026-10-09 11:00,1,17.3,Sem stress térmico,0,Verde,Sem stress térmico,Vigilância habitual,Sem stress térmico relevante; manter vigilância habitual.,IPMA public-data forecast aggregate UTCI/temperatura sentida
2026-10-09T07:56:31,2026-10-09T15:24:41Z,Matosinhos,Porto,1130800,2026-10-09,2026-10-09T11:00:00,2026-10-09 12:00,1,18.8,Sem stress térmico,0,Verde,Sem stress térmico,Vigilância habitual,Sem stress térmico relevante; manter vigilância habitual.,IPMA public-data forecast aggregate UTCI/temperatura sentida
2026-10-09T07:56:31,2026-10-09T15:24:41Z,Matosinhos,Porto,1130800,2026-10-09,2026-10-09T12:00:00,2026-10-09 13:00,1,18.7,Sem stress térmico,0,Verde,Sem stress térmico,Vigilância habitual,Sem stress térmico relevante; manter vigilância habitual.,IPMA public-data forecast aggregate UTCI/temperatura sentida
2026-10-09T07:56:31,2026-10-09T15:24:41Z,Matosinhos,Porto,1130800,2026-10-09,2026-10-09T13:00:00,2026-10-09 14:00,1,18.3,Sem stress térmico,0,Verde,Sem stress térmico,Vigilância habitual,Sem stress térmico relevante; manter vigilância habitual.,IPMA public-data forecast aggregate UTCI/temperatura sentida
2026-10-09T07:56:31,2026-10-09T15:24:41Z,Matosinhos,Porto,1130800,2026-10-09,2026-10-09T14:00:00,2026-10-09 15:00,1,17.5,Sem stress térmico,0,Verde,Sem stress térmico,Vigilância habitual,Sem stress térmico relevante; manter vigilância habitual.,IPMA public-data forecast aggregate UTCI/temperatura sentida
2026-10-09T07:56:31,2026-10-09T15:24:41Z,Matosinhos,Porto,1130800,2026-10-09,2026-10-09T15:00:00,2026-10-09 16:00,1,17.1,Sem stress térmico,0,Verde,Sem stress térmico,Vigilância habitual,Sem stress térmico relevante; manter vigilância habitual.,IPMA public-data forecast aggregate UTCI/temperatura sentida
2026-10-09T07:56:31,2026-10-09T15:24:41Z,Matosinhos,Porto,1130800,2026-10-09,2026-10-09T16:00:00,2026-10-09 17:00,1,17,Sem stress térmico,0,Verde,Sem stress térmico,Vigilância habitual,Sem stress térmico relevante; manter vigilância habitual.,IPMA public-data forecast aggregate UTCI/temperatura sentida
2026-10-09T07:56:31,2026-10-09T15:24:41Z,Matosinhos,Porto,1130800,2026-10-09,2026-10-09T17:00:00,2026-10-09 18:00,1,15.9,Sem stress térmico,0,Verde,Sem stress térmico,Vigilância habitual,Sem stress térmico relevante; manter vigilância habitual.,IPMA public-data forecast aggregate UTCI/temperatura sentida
2026-10-09T07:56:31,2026-10-09T15:24:41Z,Matosinhos,Porto,1130800,2026-10-09,2026-10-09T18:00:00,2026-10-09 19:00,1,15.1,Sem stress térmico,0,Verde,Sem stress térmico,Vigilância habitual,Sem stress térmico relevante; manter vigilância habitual.,IPMA public-data forecast aggregate UTCI/temperatura sentida
2026-10-09T07:56:31,2026-10-09T15:24:41Z,Matosinhos,Porto,1130800,2026-10-09,2026-10-09T19:00:00,2026-10-09 20:00,1,14.5,Sem stress térmico,0,Verde,Sem stress térmico,Vigilância habitual,Sem stress térmico relevante; manter vigilância habitual.,IPMA public-data forecast aggregate UTCI/temperatura sentida
2026-10-09T07:56:31,2026-10-09T15:24:41Z,Matosinhos,Porto,1130800,2026-10-09,2026-10-09T20:00:00,2026-10-09 21:00,1,14.6,Sem stress térmico,0,Verde,Sem stress térmico,Vigilância habitual,Sem stress térmico relevante; manter vigilância habitual.,IPMA public-data forecast aggregate UTCI/temperatura sentida
2026-10-09T07:56:31,2026-10-09T15:24:41Z,Matosinhos,Porto,1130800,2026-10-09,2026-10-09T21:00:00,2026-10-09 22:00,1,14.4,Sem stress térmico,0,Verde,Sem stress térmico,Vigilância habitual,Sem stress térmico relevante; manter vigilância habitual.,IPMA public-data forecast aggregate UTCI/temperatura sentida
2026-10-09T07:56:31,2026-10-09T15:24:41Z,Matosinhos,Porto,1130800,2026-10-09,2026-10-09T22:00:00,2026-10-09 23:00,1,14.2,Sem stress térmico,0,Verde,Sem stress térmico,Vigilância habitual,Sem stress térmico relevante; manter vigilância habitual.,IPMA public-data forecast aggregate UTCI/temperatura sentida
2026-10-09T07:56:31,2026-10-09T15:24:41Z,Matosinhos,Porto,1130800,2026-10-09,2026-10-09T23:00:00,2026-10-10 00:00,1,13.9,Sem stress térmico,0,Verde,Sem stress térmico,Vigilância habitual,Sem stress térmico relevante; manter vigilância habitual.,IPMA public-data forecast aggregate UTCI/temperatura sentida
2026-10-09T07:56:31,2026-10-09T15:24:41Z,Matosinhos,Porto,1130800,2026-10-10,2026-10-10T00:00:00,2026-10-10 01:00,1,13.4,Sem stress térmico,0,Verde,Sem stress térmico,Vigilância habitual,Sem stress térmico relevante; manter vigilância habitual.,IPMA public-data forecast aggregate UTCI/temperatura sentida
2026-10-09T07:56:31,2026-10-09T15:24:41Z,Matosinhos,Porto,1130800,2026-10-10,2026-10-10T01:00:00,2026-10-10 02:00,1,13.1,Sem stress térmico,0,Verde,Sem stress térmico,Vigilância habitual,Sem stress térmico relevante; manter vigilância habitual.,IPMA public-data forecast aggregate UTCI/temperatura sentida
2026-10-09T07:56:31,2026-10-09T15:24:41Z,Matosinhos,Porto,1130800,2026-10-10,2026-10-10T02:00:00,2026-10-10 03:00,1,12.4,Sem stress térmico,0,Verde,Sem stress térmico,Vigilância habitual,Sem stress térmico relevante; manter vigilância habitual.,IPMA public-data forecast aggregate UTCI/temperatura sentida
2026-10-09T07:56:31,2026-10-09T15:24:41Z,Matosinhos,Porto,1130800,2026-10-10,2026-10-10T03:00:00,2026-10-10 04:00,1,12.2,Sem stress térmico,0,Verde,Sem stress térmico,Vigilância habitual,Sem stress térmico relevante; manter vigilância habitual.,IPMA public-data forecast aggregate UTCI/temperatura sentida
2026-10-09T07:56:31,2026-10-09T15:24:41Z,Matosinhos,Porto,1130800,2026-10-10,2026-10-10T04:00:00,2026-10-10 05:00,1,12.2,Sem stress térmico,0,Verde,Sem stress térmico,Vigilância habitual,Sem stress térmico relevante; manter vigilância habitual.,IPMA public-data forecast aggregate UTCI/temperatura sentida
2026-10-09T07:56:31,2026-10-09T15:24:41Z,Matosinhos,Porto,1130800,2026-10-10,2026-10-10T05:00:00,2026-10-10 06:00,1,12,Sem stress térmico,0,Verde,Sem stress térmico,Vigilância habitual,Sem stress térmico relevante; manter vigilância habitual.,IPMA public-data forecast aggregate UTCI/temperatura sentida
2026-10-09T07:56:31,2026-10-09T15:24:41Z,Matosinhos,Porto,1130800,2026-10-10,2026-10-10T06:00:00,2026-10-10 07:00,1,12.3,Sem stress térmico,0,Verde,Sem stress térmico,Vigilância habitual,Sem stress térmico relevante; manter vigilância habitual.,IPMA public-data forecast aggregate UTCI/temperatura sentida
2026-10-09T07:56:31,2026-10-09T15:24:41Z,Matosinhos,Porto,1130800,2026-10-10,2026-10-10T07:00:00,2026-10-10 08:00,1,11.7,Sem stress térmico,0,Verde,Sem stress térmico,Vigilância habitual,Sem stress térmico relevante; manter vigilância habitual.,IPMA public-data forecast aggregate UTCI/temperatura sentida
2026-10-09T07:56:31,2026-10-09T15:24:41Z,Matosinhos,Porto,1130800,2026-10-10,2026-10-10T08:00:00,2026-10-10 09:00,1,13.1,Sem stress térmico,0,Verde,Sem stress térmico,Vigilância habitual,Sem stress térmico relevante; manter vigilância habitual.,IPMA public-data forecast aggregate UTCI/temperatura sentida
2026-10-09T07:56:31,2026-10-09T15:24:41Z,Matosinhos,Porto,1130800,2026-10-10,2026-10-10T09:00:00,2026-10-10 10:00,1,15.7,Sem stress térmico,0,Verde,Sem stress térmico,Vigilância habitual,Sem stress térmico relevante; manter vigilância habitual.,IPMA public-data forecast aggregate UTCI/temperatura sentida
2026-10-09T07:56:31,2026-10-09T15:24:41Z,Matosinhos,Porto,1130800,2026-10-10,2026-10-10T10:00:00,2026-10-10 11:00,1,18.1,Sem stress térmico,0,Verde,Sem stress térmico,Vigilância habitual,Sem stress térmico relevante; manter vigilância habitual.,IPMA public-data forecast aggregate UTCI/temperatura sentida
2026-10-09T07:56:31,2026-10-09T15:24:41Z,Matosinhos,Porto,1130800,2026-10-10,2026-10-10T11:00:00,2026-10-10 12:00,1,18.9,Sem stress térmico,0,Verde,Sem stress térmico,Vigilância habitual,Sem stress térmico relevante; manter vigilância habitual.,IPMA public-data forecast aggregate UTCI/temperatura sentida
2026-10-09T07:56:31,2026-10-09T15:24:41Z,Matosinhos,Porto,1130800,2026-10-10,2026-10-10T12:00:00,2026-10-10 13:00,1,18.8,Sem stress térmico,0,Verde,Sem stress térmico,Vigilância habitual,Sem stress térmico relevante; manter vigilância habitual.,IPMA public-data forecast aggregate UTCI/temperatura sentida
2026-10-09T07:56:31,2026-10-09T15:24:41Z,Matosinhos,Porto,1130800,2026-10-10,2026-10-10T13:00:00,2026-10-10 14:00,1,18.7,Sem stress térmico,0,Verde,Sem stress térmico,Vigilância habitual,Sem stress térmico relevante; manter vigilância habitual.,IPMA public-data forecast aggregate UTCI/temperatura sentida
2026-10-09T07:56:31,2026-10-09T15:24:41Z,Matosinhos,Porto,1130800,2026-10-10,2026-10-10T14:00:00,2026-10-10 15:00,1,18.4,Sem stress térmico,0,Verde,Sem stress térmico,Vigilância habitual,Sem stress térmico relevante; manter vigilância habitual.,IPMA public-data forecast aggregate UTCI/temperatura sentida
2026-10-09T07:56:31,2026-10-09T15:24:41Z,Matosinhos,Porto,1130800,2026-10-10,2026-10-10T15:00:00,2026-10-10 16:00,1,18.1,Sem stress térmico,0,Verde,Sem stress térmico,Vigilância habitual,Sem stress térmico relevante; manter vigilância habitual.,IPMA public-data forecast aggregate UTCI/temperatura sentida
2026-10-09T07:56:31,2026-10-09T15:24:41Z,Matosinhos,Porto,1130800,2026-10-10,2026-10-10T16:00:00,2026-10-10 17:00,1,17.5,Sem stress térmico,0,Verde,Sem stress térmico,Vigilância habitual,Sem stress térmico relevante; manter vigilância habitual.,IPMA public-data forecast aggregate UTCI/temperatura sentida
2026-10-09T07:56:31,2026-10-09T15:24:41Z,Matosinhos,Porto,1130800,2026-10-10,2026-10-10T17:00:00,2026-10-10 18:00,1,16.8,Sem stress térmico,0,Verde,Sem stress térmico,Vigilância habitual,Sem stress térmico relevante; manter vigilância habitual.,IPMA public-data forecast aggregate UTCI/temperatura sentida
2026-10-09T07:56:31,2026-10-09T15:24:41Z,Matosinhos,Porto,1130800,2026-10-10,2026-10-10T18:00:00,2026-10-10 19:00,1,16.1,Sem stress térmico,0,Verde,Sem stress térmico,Vigilância habitual,Sem stress térmico relevante; manter vigilância habitual.,IPMA public-data forecast aggregate UTCI/temperatura sentida
2026-10-09T07:56:31,2026-10-09T15:24:41Z,Matosinhos,Porto,1130800,2026-10-10,2026-10-10T19:00:00,2026-10-10 20:00,1,15.2,Sem stress térmico,0,Verde,Sem stress térmico,Vigilância habitual,Sem stress térmico relevante; manter vigilância habitual.,IPMA public-data forecast aggregate UTCI/temperatura sentida
2026-10-09T07:56:31,2026-10-09T15:24:41Z,Matosinhos,Porto,1130800,2026-10-10,2026-10-10T20:00:00,2026-10-10 21:00,1,15.2,Sem stress térmico,0,Verde,Sem stress térmico,Vigilância habitual,Sem stress térmico relevante; manter vigilância habitual.,IPMA public-data forecast aggregate UTCI/temperatura sentida
2026-10-09T07:56:31,2026-10-09T15:24:41Z,Matosinhos,Porto,1130800,2026-10-10,2026-10-10T21:00:00,2026-10-10 22:00,1,14.8,Sem stress térmico,0,Verde,Sem stress térmico,Vigilância habitual,Sem stress térmico relevante; manter vigilância habitual.,IPMA public-data forecast aggregate UTCI/temperatura sentida
2026-10-09T07:56:31,2026-10-09T15:24:41Z,Matosinhos,Porto,1130800,2026-10-10,2026-10-10T22:00:00,2026-10-10 23:00,1,14.8,Sem stress térmico,0,Verde,Sem stress térmico,Vigilância habitual,Sem stress térmico relevante; manter vigilância habitual.,IPMA public-data forecast aggregate UTCI/temperatura sentida
2026-10-09T07:56:31,2026-10-09T15:24:41Z,Matosinhos,Porto,1130800,2026-10-10,2026-10-10T23:00:00,2026-10-11 00:00,1,14.2,Sem stress térmico,0,Verde,Sem stress térmico,Vigilância habitual,Sem stress térmico relevante; manter vigilância habitual.,IPMA public-data forecast aggregate UTCI/temperatura sentida
2026-10-09T07:56:31,2026-10-09T15:24:41Z,Matosinhos,Porto,1130800,2026-10-11,2026-10-11T00:00:00,2026-10-11 01:00,1,14.5,Sem stress térmico,0,Verde,Sem stress térmico,Vigilância habitual,Sem stress térmico relevante; manter vigilância habitual.,IPMA public-data forecast aggregate UTCI/temperatura sentida
2026-10-09T07:56:31,2026-10-09T15:24:41Z,Matosinhos,Porto,1130800,2026-10-11,2026-10-11T01:00:00,2026-10-11 02:00,1,14.3,Sem stress térmico,0,Verde,Sem stress térmico,Vigilância habitual,Sem stress térmico relevante; manter vigilância habitual.,IPMA public-data forecast aggregate UTCI/temperatura sentida
2026-10-09T07:56:31,2026-10-09T15:24:41Z,Matosinhos,Porto,1130800,2026-10-11,2026-10-11T02:00:00,2026-10-11 03:00,1,14.2,Sem stress térmico,0,Verde,Sem stress térmico,Vigilância habitual,Sem stress térmico relevante; manter vigilância habitual.,IPMA public-data forecast aggregate UTCI/temperatura sentida
2026-10-09T07:56:31,2026-10-09T15:24:41Z,Matosinhos,Porto,1130800,2026-10-11,2026-10-11T03:00:00,2026-10-11 04:00,1,14.5,Sem stress térmico,0,Verde,Sem stress térmico,Vigilância habitual,Sem stress térmico relevante; manter vigilância habitual.,IPMA public-data forecast aggregate UTCI/temperatura sentida
2026-10-09T07:56:31,2026-10-09T15:24:41Z,Matosinhos,Porto,1130800,2026-10-11,2026-10-11T04:00:00,2026-10-11 05:00,1,13.7,Sem stress térmico,0,Verde,Sem stress térmico,Vigilância habitual,Sem stress térmico relevante; manter vigilância habitual.,IPMA public-data forecast aggregate UTCI/temperatura sentida
2026-10-09T07:56:31,2026-10-09T15:24:41Z,Matosinhos,Porto,1130800,2026-10-11,2026-10-11T05:00:00,2026-10-11 06:00,1,13.5,Sem stress térmico,0,Verde,Sem stress térmico,Vigilância habitual,Sem stress térmico relevante; manter vigilância habitual.,IPMA public-data forecast aggregate UTCI/temperatura sentida
2026-10-09T07:56:31,2026-10-09T15:24:41Z,Matosinhos,Porto,1130800,2026-10-11,2026-10-11T06:00:00,2026-10-11 07:00,1,13.4,Sem stress térmico,0,Verde,Sem stress térmico,Vigilância habitual,Sem stress térmico relevante; manter vigilância habitual.,IPMA public-data forecast aggregate UTCI/temperatura sentida
2026-10-09T07:56:31,2026-10-09T15:24:41Z,Matosinhos,Porto,1130800,2026-10-11,2026-10-11T07:00:00,2026-10-11 08:00,1,13.5,Sem stress térmico,0,Verde,Sem stress térmico,Vigilância habitual,Sem stress térmico relevante; manter vigilância habitual.,IPMA public-data forecast aggregate UTCI/temperatura sentida
2026-10-09T07:56:31,2026-10-09T15:24:41Z,Matosinhos,Porto,1130800,2026-10-11,2026-10-11T08:00:00,2026-10-11 09:00,1,13.8,Sem stress térmico,0,Verde,Sem stress térmico,Vigilância habitual,Sem stress térmico relevante; manter vigilância habitual.,IPMA public-data forecast aggregate UTCI/temperatura sentida
2026-10-09T07:56:31,2026-10-09T15:24:41Z,Matosinhos,Porto,1130800,2026-10-11,2026-10-11T09:00:00,2026-10-11 10:00,1,14.3,Sem stress térmico,0,Verde,Sem stress térmico,Vigilância habitual,Sem stress térmico relevante; manter vigilância habitual.,IPMA public-data forecast aggregate UTCI/temperatura sentida
2026-10-09T07:56:31,2026-10-09T15:24:41Z,Matosinhos,Porto,1130800,2026-10-11,2026-10-11T10:00:00,2026-10-11 11:00,1,16.3,Sem stress térmico,0,Verde,Sem stress térmico,Vigilância habitual,Sem stress térmico relevante; manter vigilância habitual.,IPMA public-data forecast aggregate UTCI/temperatura sentida
2026-10-09T07:56:31,2026-10-09T15:24:41Z,Matosinhos,Porto,1130800,2026-10-11,2026-10-11T11:00:00,2026-10-11 12:00,1,17,Sem stress térmico,0,Verde,Sem stress térmico,Vigilância habitual,Sem stress térmico relevante; manter vigilância habitual.,IPMA public-data forecast aggregate UTCI/temperatura sentida
2026-10-09T07:56:31,2026-10-09T15:24:41Z,Matosinhos,Porto,1130800,2026-10-11,2026-10-11T12:00:00,2026-10-11 13:00,1,17.3,Sem stress térmico,0,Verde,Sem stress térmico,Vigilância habitual,Sem stress térmico relevante; manter vigilância habitual.,IPMA public-data forecast aggregate UTCI/temperatura sentida
2026-10-09T07:56:31,2026-10-09T15:24:41Z,Matosinhos,Porto,1130800,2026-10-11,2026-10-11T13:00:00,2026-10-11 14:00,1,17.1,Sem stress térmico,0,Verde,Sem stress térmico,Vigilância habitual,Sem stress térmico relevante; manter vigilância habitual.,IPMA public-data forecast aggregate UTCI/temperatura sentida
2026-10-09T07:56:31,2026-10-09T15:24:41Z,Matosinhos,Porto,1130800,2026-10-11,2026-10-11T14:00:00,2026-10-11 15:00,1,15.8,Sem stress térmico,0,Verde,Sem stress térmico,Vigilância habitual,Sem stress térmico relevante; manter vigilância habitual.,IPMA public-data forecast aggregate UTCI/temperatura sentida
2026-10-09T07:56:31,2026-10-09T15:24:41Z,Matosinhos,Porto,1130800,2026-10-11,2026-10-11T15:00:00,2026-10-11 16:00,1,16.4,Sem stress térmico,0,Verde,Sem stress térmico,Vigilância habitual,Sem stress térmico relevante; manter vigilância habitual.,IPMA public-data forecast aggregate UTCI/temperatura sentida
2026-10-09T07:56:31,2026-10-09T15:24:41Z,Matosinhos,Porto,1130800,2026-10-11,2026-10-11T16:00:00,2026-10-11 17:00,1,16.2,Sem stress térmico,0,Verde,Sem stress térmico,Vigilância habitual,Sem stress térmico relevante; manter vigilância habitual.,IPMA public-data forecast aggregate UTCI/temperatura sentida
2026-10-09T07:56:31,2026-10-09T15:24:41Z,Matosinhos,Porto,1130800,2026-10-11,2026-10-11T17:00:00,2026-10-11 18:00,1,15.7,Sem stress térmico,0,Verde,Sem stress térmico,Vigilância habitual,Sem stress térmico relevante; manter vigilância habitual.,IPMA public-data forecast aggregate UTCI/temperatura sentida
2026-10-09T07:56:31,2026-10-09T15:24:41Z,Matosinhos,Porto,1130800,2026-10-11,2026-10-11T18:00:00,2026-10-11 19:00,1,15.6,Sem stress térmico,0,Verde,Sem stress térmico,Vigilância habitual,Sem stress térmico relevante; manter vigilância habitual.,IPMA public-data forecast aggregate UTCI/temperatura sentida
2026-10-09T07:56:31,2026-10-09T15:24:41Z,Matosinhos,Porto,1130800,2026-10-11,2026-10-11T19:00:00,2026-10-11 20:00,1,15.4,Sem stress térmico,0,Verde,Sem stress térmico,Vigilância habitual,Sem stress térmico relevante; manter vigilância habitual.,IPMA public-data forecast aggregate UTCI/temperatura sentida
2026-10-09T07:56:31,2026-10-09T15:24:41Z,Matosinhos,Porto,1130800,2026-10-11,2026-10-11T20:00:00,2026-10-11 21:00,1,15.3,Sem stress térmico,0,Verde,Sem stress térmico,Vigilância habitual,Sem stress térmico relevante; manter vigilância habitual.,IPMA public-data forecast aggregate UTCI/temperatura sentida
2026-10-09T07:56:31,2026-10-09T15:24:41Z,Matosinhos,Porto,1130800,2026-10-11,2026-10-11T21:00:00,2026-10-11 22:00,1,15,Sem stress térmico,0,Verde,Sem stress térmico,Vigilância habitual,Sem stress térmico relevante; manter vigilância habitual.,IPMA public-data forecast aggregate UTCI/temperatura sentida
2026-10-09T07:56:31,2026-10-09T15:24:41Z,Matosinhos,Porto,1130800,2026-10-11,2026-10-11T22:00:00,2026-10-11 23:00,1,14.4,Sem stress térmico,0,Verde,Sem stress térmico,Vigilância habitual,Sem stress térmico relevante; manter vigilância habitual.,IPMA public-data forecast aggregate UTCI/temperatura sentida
2026-10-09T07:56:31,2026-10-09T15:24:41Z,Matosinhos,Porto,1130800,2026-10-11,2026-10-11T23:00:00,2026-10-12 00:00,1,14.4,Sem stress térmico,0,Verde,Sem stress térmico,Vigilância habitual,Sem stress térmico relevante; manter vigilância habitual.,IPMA public-data forecast aggregate UTCI/temperatura sentida
2026-10-09T07:56:31,2026-10-09T15:24:41Z,Matosinhos,Porto,1130800,2026-10-12,2026-10-12T00:00:00,2026-10-12 01:00,1,13.9,Sem stress térmico,0,Verde,Sem stress térmico,Vigilância habitual,Sem stress térmico relevante; manter vigilância habitual.,IPMA public-data forecast aggregate UTCI/temperatura sentida
2026-10-09T07:56:31,2026-10-09T15:24:41Z,Matosinhos,Porto,1130800,2026-10-12,2026-10-12T03:00:00,2026-10-12 04:00,3,13.2,Sem stress térmico,0,Verde,Sem stress térmico,Vigilância habitual,Sem stress térmico relevante; manter vigilância habitual.,IPMA public-data forecast aggregate UTCI/temperatura sentida
2026-10-09T07:56:31,2026-10-09T15:24:41Z,Matosinhos,Porto,1130800,2026-10-12,2026-10-12T06:00:00,2026-10-12 07:00,3,13.1,Sem stress térmico,0,Verde,Sem stress térmico,Vigilância habitual,Sem stress térmico relevante; manter vigilância habitual.,IPMA public-data forecast aggregate UTCI/temperatura sentida
2026-10-09T07:56:31,2026-10-09T15:24:41Z,Matosinhos,Porto,1130800,2026-10-12,2026-10-12T09:00:00,2026-10-12 10:00,3,15.9,Sem stress térmico,0,Verde,Sem stress térmico,Vigilância habitual,Sem stress térmico relevante; manter vigilância habitual.,IPMA public-data forecast aggregate UTCI/temperatura sentida
2026-10-09T07:56:31,2026-10-09T15:24:41Z,Matosinhos,Porto,1130800,2026-10-12,2026-10-12T12:00:00,2026-10-12 13:00,3,17.6,Sem stress térmico,0,Verde,Sem stress térmico,Vigilância habitual,Sem stress térmico relevante; manter vigilância habitual.,IPMA public-data forecast aggregate UTCI/temperatura sentida
2026-10-09T07:56:31,2026-10-09T15:24:41Z,Matosinhos,Porto,1130800,2026-10-12,2026-10-12T15:00:00,2026-10-12 16:00,3,17.1,Sem stress térmico,0,Verde,Sem stress térmico,Vigilância habitual,Sem stress térmico relevante; manter vigilância habitual.,IPMA public-data forecast aggregate UTCI/temperatura sentida
2026-10-09T07:56:31,2026-10-09T15:24:41Z,Matosinhos,Porto,1130800,2026-10-12,2026-10-12T18:00:00,2026-10-12 19:00,3,15.9,Sem stress térmico,0,Verde,Sem stress térmico,Vigilância habitual,Sem stress térmico relevante; manter vigilância habitual.,IPMA public-data forecast aggregate UTCI/temperatura sentida
2026-10-09T07:56:31,2026-10-09T15:24:41Z,Matosinhos,Porto,1130800,2026-10-12,2026-10-12T21:00:00,2026-10-12 22:00,3,13.7,Sem stress térmico,0,Verde,Sem stress térmico,Vigilância habitual,Sem stress térmico relevante; manter vigilância habitual.,IPMA public-data forecast aggregate UTCI/temperatura sentida
2026-10-09T07:56:31,2026-10-09T15:24:41Z,Matosinhos,Porto,1130800,2026-10-13,2026-10-13T00:00:00,2026-10-13 01:00,3,13.5,Sem stress térmico,0,Verde,Sem stress térmico,Vigilância habitual,Sem stress térmico relevante; manter vigilância habitual.,IPMA public-data forecast aggregate UTCI/temperatura sentida
2026-10-09T07:56:31,2026-10-09T15:24:41Z,Matosinhos,Porto,1130800,2026-10-13,2026-10-13T03:00:00,2026-10-13 04:00,3,12.8,Sem stress térmico,0,Verde,Sem stress térmico,Vigilância habitual,Sem stress térmico relevante; manter vigilância habitual.,IPMA public-data forecast aggregate UTCI/temperatura sentida
2026-10-09T07:56:31,2026-10-09T15:24:41Z,Matosinhos,Porto,1130800,2026-10-13,2026-10-13T06:00:00,2026-10-13 07:00,3,12.4,Sem stress térmico,0,Verde,Sem stress térmico,Vigilância habitual,Sem stress térmico relevante; manter vigilância habitual.,IPMA public-data forecast aggregate UTCI/temperatura sentida
2026-10-09T07:56:31,2026-10-09T15:24:41Z,Matosinhos,Porto,1130800,2026-10-13,2026-10-13T09:00:00,2026-10-13 10:00,3,15.3,Sem stress térmico,0,Verde,Sem stress térmico,Vigilância habitual,Sem stress térmico relevante; manter vigilância habitual.,IPMA public-data forecast aggregate UTCI/temperatura sentida
2026-10-09T07:56:31,2026-10-09T15:24:41Z,Matosinhos,Porto,1130800,2026-10-13,2026-10-13T12:00:00,2026-10-13 13:00,3,18.4,Sem stress térmico,0,Verde,Sem stress térmico,Vigilância habitual,Sem stress térmico relevante; manter vigilância habitual.,IPMA public-data forecast aggregate UTCI/temperatura sentida
2026-10-09T07:56:31,2026-10-09T15:24:41Z,Matosinhos,Porto,1130800,2026-10-13,2026-10-13T15:00:00,2026-10-13 16:00,3,17.2,Sem stress térmico,0,Verde,Sem stress térmico,Vigilância habitual,Sem stress térmico relevante; manter vigilância habitual.,IPMA public-data forecast aggregate UTCI/temperatura sentida
2026-10-09T07:56:31,2026-10-09T15:24:41Z,Matosinhos,Porto,1130800,2026-10-13,2026-10-13T18:00:00,2026-10-13 19:00,3,15.8,Sem stress térmico,0,Verde,Sem stress térmico,Vigilância habitual,Sem stress térmico relevante; manter vigilância habitual.,IPMA public-data forecast aggregate UTCI/temperatura sentida
2026-10-09T07:56:31,2026-10-09T15:24:41Z,Matosinhos,Porto,1130800,2026-10-13,2026-10-13T21:00:00,2026-10-13 22:00,3,14.4,Sem stress térmico,0,Verde,Sem stress térmico,Vigilância habitual,Sem stress térmico relevante; manter vigilância habitual.,IPMA public-data forecast aggregate UTCI/temperatura sentida
2026-10-09T07:56:31,2026-10-09T15:24:41Z,Matosinhos,Porto,1130800,2026-10-14,2026-10-14T00:00:00,2026-10-14 01:00,3,14.4,Sem stress térmico,0,Verde,Sem stress térmico,Vigilância habitual,Sem stress térmico relevante; manter vigilância habitual.,IPMA public-data forecast aggregate UTCI/temperatura sentida
2026-10-09T07:56:31,2026-10-09T15:24:41Z,Matosinhos,Porto,1130800,2026-10-14,2026-10-14T03:00:00,2026-10-14 04:00,3,14.2,Sem stress térmico,0,Verde,Sem stress térmico,Vigilância habitual,Sem stress térmico relevante; manter vigilância habitual.,IPMA public-data forecast aggregate UTCI/temperatura sentida
2026-10-09T07:56:31,2026-10-09T15:24:41Z,Matosinhos,Porto,1130800,2026-10-14,2026-10-14T06:00:00,2026-10-14 07:00,3,14.1,Sem stress térmico,0,Verde,Sem stress térmico,Vigilância habitual,Sem stress térmico relevante; manter vigilância habitual.,IPMA public-data forecast aggregate UTCI/temperatura sentida
2026-10-09T07:56:31,2026-10-09T15:24:41Z,Matosinhos,Porto,1130800,2026-10-14,2026-10-14T09:00:00,2026-10-14 10:00,3,17.1,Sem stress térmico,0,Verde,Sem stress térmico,Vigilância habitual,Sem stress térmico relevante; manter vigilância habitual.,IPMA public-data forecast aggregate UTCI/temperatura sentida
2026-10-09T07:56:31,2026-10-09T15:24:41Z,Matosinhos,Porto,1130800,2026-10-14,2026-10-14T12:00:00,2026-10-14 13:00,3,18.8,Sem stress térmico,0,Verde,Sem stress térmico,Vigilância habitual,Sem stress térmico relevante; manter vigilância habitual.,IPMA public-data forecast aggregate UTCI/temperatura sentida
2026-10-09T07:56:31,2026-10-09T15:24:41Z,Matosinhos,Porto,1130800,2026-10-14,2026-10-14T15:00:00,2026-10-14 16:00,3,20.3,Sem stress térmico,0,Verde,Sem stress térmico,Vigilância habitual,Sem stress térmico relevante; manter vigilância habitual.,IPMA public-data forecast aggregate UTCI/temperatura sentida
2026-10-09T07:56:31,2026-10-09T15:24:41Z,Matosinhos,Porto,1130800,2026-10-14,2026-10-14T18:00:00,2026-10-14 19:00,3,15.9,Sem stress térmico,0,Verde,Sem stress térmico,Vigilância habitual,Sem stress térmico relevante; manter vigilância habitual.,IPMA public-data forecast aggregate UTCI/temperatura sentida
2026-10-09T07:56:31,2026-10-09T15:24:41Z,Matosinhos,Porto,1130800,2026-10-14,2026-10-14T21:00:00,2026-10-14 22:00,3,15.1,Sem stress térmico,0,Verde,Sem stress térmico,Vigilância habitual,Sem stress térmico relevante; manter vigilância habitual.,IPMA public-data forecast aggregate UTCI/temperatura sentida
2026-10-09T07:56:31,2026-10-09T15:24:41Z,Matosinhos,Porto,1130800,2026-10-15,2026-10-15T00:00:00,2026-10-15 01:00,3,13.9,Sem stress térmico,0,Verde,Sem stress térmico,Vigilância habitual,Sem stress térmico relevante; manter vigilância habitual.,IPMA public-data forecast aggregate UTCI/temperatura sentida
