source_updated_at,fetched_at,location,district,global_id_local,target_date,uv_index,uv_level,uv_level_order,uv_color,protection_required,recommendation_summary,source
2026-09-30T07:55:27,2026-09-30T15:02:38Z,Matosinhos,Porto,1130800,2026-09-30,4.7,Moderado,1,Amarelo,Proteção necessária,"Proteção necessária; usar óculos com filtro UV, chapéu, roupa que cubra a pele e protetor solar em pele exposta.",IPMA public-data forecast aggregate daily UV index
2026-09-30T07:55:27,2026-09-30T15:02:38Z,Matosinhos,Porto,1130800,2026-10-01,5.1,Moderado,1,Amarelo,Proteção necessária,"Proteção necessária; usar óculos com filtro UV, chapéu, roupa que cubra a pele e protetor solar em pele exposta.",IPMA public-data forecast aggregate daily UV index
2026-09-30T07:55:27,2026-09-30T15:02:38Z,Matosinhos,Porto,1130800,2026-10-02,5.2,Moderado,1,Amarelo,Proteção necessária,"Proteção necessária; usar óculos com filtro UV, chapéu, roupa que cubra a pele e protetor solar em pele exposta.",IPMA public-data forecast aggregate daily UV index
2026-09-30T07:55:27,2026-09-30T15:02:38Z,Matosinhos,Porto,1130800,2026-10-03,4.6,Moderado,1,Amarelo,Proteção necessária,"Proteção necessária; usar óculos com filtro UV, chapéu, roupa que cubra a pele e protetor solar em pele exposta.",IPMA public-data forecast aggregate daily UV index
2026-09-30T07:55:27,2026-09-30T15:02:38Z,Matosinhos,Porto,1130800,2026-10-04,3.3,Moderado,1,Amarelo,Proteção necessária,"Proteção necessária; usar óculos com filtro UV, chapéu, roupa que cubra a pele e protetor solar em pele exposta.",IPMA public-data forecast aggregate daily UV index
2026-09-30T07:55:27,2026-09-30T15:02:38Z,Matosinhos,Porto,1130800,2026-10-05,,Sem dados,-1,,Sem dados,Sem dados de Índice UV para emitir recomendação automática.,IPMA public-data forecast aggregate daily UV index
2026-09-30T07:55:27,2026-09-30T15:02:38Z,Matosinhos,Porto,1130800,2026-10-06,,Sem dados,-1,,Sem dados,Sem dados de Índice UV para emitir recomendação automática.,IPMA public-data forecast aggregate daily UV index
2026-09-30T07:55:27,2026-09-30T15:02:38Z,Matosinhos,Porto,1130800,2026-10-07,,Sem dados,-1,,Sem dados,Sem dados de Índice UV para emitir recomendação automática.,IPMA public-data forecast aggregate daily UV index
2026-09-30T07:55:27,2026-09-30T15:02:38Z,Matosinhos,Porto,1130800,2026-10-08,,Sem dados,-1,,Sem dados,Sem dados de Índice UV para emitir recomendação automática.,IPMA public-data forecast aggregate daily UV index
2026-09-30T07:55:27,2026-09-30T15:02:38Z,Matosinhos,Porto,1130800,2026-10-09,,Sem dados,-1,,Sem dados,Sem dados de Índice UV para emitir recomendação automática.,IPMA public-data forecast aggregate daily UV index
