metric,horizon_days,horizon_label,n,mean_error_c,mae_c,rmse_c,median_abs_error_c,p90_abs_error_c,min_error_c,max_error_c,municipality_observed_n,station_fallback_n,first_forecast_date,last_forecast_date,calculated_at
tmin_c,0,D+0,152,-0.809,1.051,1.34,0.85,2.09,-4.5,1.45,0,152,2026-05-05,2026-10-04,2026-10-05T17:16:19Z
tmin_c,1,D+1,177,-0.73,1.128,1.463,0.9,2.32,-4.9,2.05,0,177,2026-05-06,2026-10-04,2026-10-05T17:16:19Z
tmin_c,2,D+2,176,-0.751,1.193,1.528,1,2.375,-4.9,2.45,0,176,2026-05-07,2026-10-04,2026-10-05T17:16:19Z
tmin_c,3,D+3,175,-0.743,1.145,1.489,0.95,2.51,-4.8,1.9,0,175,2026-05-08,2026-10-04,2026-10-05T17:16:19Z
tmin_c,4,D+4,174,-0.79,1.199,1.568,0.95,2.485,-5.3,2.55,0,174,2026-05-09,2026-10-04,2026-10-05T17:16:19Z
tmin_c,5,D+5,173,-0.911,1.309,1.704,1.05,2.59,-6.6,2.1,0,173,2026-05-10,2026-10-04,2026-10-05T17:16:19Z
tmin_c,6,D+6,172,-0.929,1.455,1.917,1.15,3.195,-7.7,3.15,0,172,2026-05-11,2026-10-04,2026-10-05T17:16:19Z
tmin_c,7,D+7,170,-1.035,1.68,2.145,1.5,3.42,-8.6,2.75,0,170,2026-05-12,2026-10-04,2026-10-05T17:16:19Z
tmin_c,8,D+8,169,-1.019,1.74,2.241,1.4,3.78,-9,2.8,0,169,2026-05-13,2026-10-04,2026-10-05T17:16:19Z
tmin_c,9,D+9,168,-0.969,1.759,2.253,1.4,3.755,-7.8,4.35,0,168,2026-05-14,2026-10-04,2026-10-05T17:16:19Z
tmax_c,0,D+0,152,-1.937,2.224,2.736,2.025,4.095,-9.15,2.6,0,152,2026-05-05,2026-10-04,2026-10-05T17:16:19Z
tmax_c,1,D+1,177,-1.938,2.217,2.766,2.1,4.25,-7.9,3.1,0,177,2026-05-06,2026-10-04,2026-10-05T17:16:19Z
tmax_c,2,D+2,176,-1.83,2.194,2.755,2.05,4.175,-8.25,3.9,0,176,2026-05-07,2026-10-04,2026-10-05T17:16:19Z
tmax_c,3,D+3,175,-1.88,2.249,2.756,2.05,4.18,-8,4.45,0,175,2026-05-08,2026-10-04,2026-10-05T17:16:19Z
tmax_c,4,D+4,174,-1.964,2.454,3.032,2.225,4.585,-8.75,6.55,0,174,2026-05-09,2026-10-04,2026-10-05T17:16:19Z
tmax_c,5,D+5,173,-1.873,2.515,3.129,2.25,4.79,-9.85,7.25,0,173,2026-05-10,2026-10-04,2026-10-05T17:16:19Z
tmax_c,6,D+6,172,-1.824,2.634,3.328,2.35,4.95,-11.7,8.6,0,172,2026-05-11,2026-10-04,2026-10-05T17:16:19Z
tmax_c,7,D+7,170,-1.794,2.769,3.601,2.35,5.36,-13.8,8,0,170,2026-05-12,2026-10-04,2026-10-05T17:16:19Z
tmax_c,8,D+8,169,-1.745,2.914,3.797,2.4,6.18,-14.7,8.3,0,169,2026-05-13,2026-10-04,2026-10-05T17:16:19Z
tmax_c,9,D+9,168,-1.674,2.904,3.858,2.35,6.51,-13.2,7.6,0,168,2026-05-14,2026-10-04,2026-10-05T17:16:19Z
