source_updated_at,fetched_at,location,district,dico,global_id_local,target_date,season_rule,tmax_alert,tmax_alert_level,tmax_yellow_threshold_c,tmax_red_threshold_c,tmax_observed_d_minus_3_c,tmax_observed_d_minus_2_c,tmax_observed_d_minus_1_c,tmax_forecast_d0_c,tmax_forecast_d_plus_1_c,tmin_alert,tmin_alert_level,tmin_yellow_threshold_c,tmin_red_threshold_c,tmin_observed_d_minus_2_c,tmin_observed_d_minus_1_c,tmin_forecast_d0_c,tmin_forecast_d_plus_1_c,overall_temperature_alert,overall_temperature_alert_level,missing_inputs,recommendation_summary,source
2026-10-08T07:54:23,2026-10-08T15:45:58Z,Matosinhos,Porto,1308,1130800,2026-10-08,mes 7-10,Verde,0,33,35,27,20.7,21.4,22.6,21.1,Verde,0,22,25,16.6,15.6,13.8,13.7,Verde,0,,"Manter vigilância habitual, hidratação regular e monitorização das atualizações meteorológicas.",DSP temperature rule using IPMA observed municipality temperatures and IPMA forecasts
2026-10-08T07:54:23,2026-10-08T15:45:58Z,Matosinhos,Porto,1308,1130800,2026-10-09,mes 7-10,Sem dados,-1,33,35,20.7,21.4,,21.1,20.8,Sem dados,-1,22,25,15.6,,13.7,12.4,Sem dados,-1,tmax_observed_d_minus_1_c; tmin_observed_d_minus_1_c,Dados insuficientes para emitir alerta automático de temperatura DSP.,DSP temperature rule using IPMA observed municipality temperatures and IPMA forecasts
2026-10-08T07:54:23,2026-10-08T15:45:58Z,Matosinhos,Porto,1308,1130800,2026-10-10,mes 7-10,Sem dados,-1,33,35,21.4,,,20.8,19.2,Sem dados,-1,22,25,,,12.4,13.3,Sem dados,-1,tmax_observed_d_minus_2_c; tmax_observed_d_minus_1_c; tmin_observed_d_minus_2_c; tmin_observed_d_minus_1_c,Dados insuficientes para emitir alerta automático de temperatura DSP.,DSP temperature rule using IPMA observed municipality temperatures and IPMA forecasts
2026-10-08T07:54:23,2026-10-08T15:45:58Z,Matosinhos,Porto,1308,1130800,2026-10-11,mes 7-10,Sem dados,-1,33,35,,,,19.2,19.4,Sem dados,-1,22,25,,,13.3,13.7,Sem dados,-1,tmax_observed_d_minus_3_c; tmax_observed_d_minus_2_c; tmax_observed_d_minus_1_c; tmin_observed_d_minus_2_c; tmin_observed_d_minus_1_c,Dados insuficientes para emitir alerta automático de temperatura DSP.,DSP temperature rule using IPMA observed municipality temperatures and IPMA forecasts
2026-10-08T07:54:23,2026-10-08T15:45:58Z,Matosinhos,Porto,1308,1130800,2026-10-12,mes 7-10,Sem dados,-1,33,35,,,,19.4,20.6,Sem dados,-1,22,25,,,13.7,13.8,Sem dados,-1,tmax_observed_d_minus_3_c; tmax_observed_d_minus_2_c; tmax_observed_d_minus_1_c; tmin_observed_d_minus_2_c; tmin_observed_d_minus_1_c,Dados insuficientes para emitir alerta automático de temperatura DSP.,DSP temperature rule using IPMA observed municipality temperatures and IPMA forecasts
2026-10-08T07:54:23,2026-10-08T15:45:58Z,Matosinhos,Porto,1308,1130800,2026-10-13,mes 7-10,Sem dados,-1,33,35,,,,20.6,20.8,Sem dados,-1,22,25,,,13.8,14.2,Sem dados,-1,tmax_observed_d_minus_3_c; tmax_observed_d_minus_2_c; tmax_observed_d_minus_1_c; tmin_observed_d_minus_2_c; tmin_observed_d_minus_1_c,Dados insuficientes para emitir alerta automático de temperatura DSP.,DSP temperature rule using IPMA observed municipality temperatures and IPMA forecasts
2026-10-08T07:54:23,2026-10-08T15:45:58Z,Matosinhos,Porto,1308,1130800,2026-10-14,mes 7-10,Sem dados,-1,33,35,,,,20.8,22.9,Sem dados,-1,22,25,,,14.2,14.7,Sem dados,-1,tmax_observed_d_minus_3_c; tmax_observed_d_minus_2_c; tmax_observed_d_minus_1_c; tmin_observed_d_minus_2_c; tmin_observed_d_minus_1_c,Dados insuficientes para emitir alerta automático de temperatura DSP.,DSP temperature rule using IPMA observed municipality temperatures and IPMA forecasts
2026-10-08T07:54:23,2026-10-08T15:45:58Z,Matosinhos,Porto,1308,1130800,2026-10-15,mes 7-10,Sem dados,-1,33,35,,,,22.9,22.8,Sem dados,-1,22,25,,,14.7,15,Sem dados,-1,tmax_observed_d_minus_3_c; tmax_observed_d_minus_2_c; tmax_observed_d_minus_1_c; tmin_observed_d_minus_2_c; tmin_observed_d_minus_1_c,Dados insuficientes para emitir alerta automático de temperatura DSP.,DSP temperature rule using IPMA observed municipality temperatures and IPMA forecasts
2026-10-08T07:54:23,2026-10-08T15:45:58Z,Matosinhos,Porto,1308,1130800,2026-10-16,mes 7-10,Sem dados,-1,33,35,,,,22.8,21.9,Sem dados,-1,22,25,,,15,14,Sem dados,-1,tmax_observed_d_minus_3_c; tmax_observed_d_minus_2_c; tmax_observed_d_minus_1_c; tmin_observed_d_minus_2_c; tmin_observed_d_minus_1_c,Dados insuficientes para emitir alerta automático de temperatura DSP.,DSP temperature rule using IPMA observed municipality temperatures and IPMA forecasts
2026-10-08T07:54:23,2026-10-08T15:45:58Z,Matosinhos,Porto,1308,1130800,2026-10-17,mes 7-10,Sem dados,-1,33,35,,,,21.9,,Sem dados,-1,22,25,,,14,,Sem dados,-1,tmax_observed_d_minus_3_c; tmax_observed_d_minus_2_c; tmax_observed_d_minus_1_c; tmax_forecast_d_plus_1_c; tmin_observed_d_minus_2_c; tmin_observed_d_minus_1_c; tmin_forecast_d_plus_1_c,Dados insuficientes para emitir alerta automático de temperatura DSP.,DSP temperature rule using IPMA observed municipality temperatures and IPMA forecasts
