source_updated_at,fetched_at,location,district,dico,global_id_local,alert_source,alert_scope,target_date,start_time,end_time,alert_type,alert_level,alert_level_order,alert_color,description,recommendation_summary,source
2026-10-06T15:00:00,2026-10-06T15:21:42Z,Matosinhos,Porto,1308,1130800,Avisos meteorológicos,Distrito do Porto (área de aviso PTO),2026-10-06,2026-10-06T11:59:00,2026-10-09T11:00:00,Agitação Marítima,Verde,0,Verde,,Sem aviso meteorológico ativo acima de Verde para este parâmetro.,IPMA open-data forecast/warnings/warnings_www.json
2026-10-06T15:00:00,2026-10-06T15:21:42Z,Matosinhos,Porto,1308,1130800,Avisos meteorológicos,Distrito do Porto (área de aviso PTO),2026-10-06,2026-10-06T11:59:00,2026-10-09T11:00:00,Neve,Verde,0,Verde,,Sem aviso meteorológico ativo acima de Verde para este parâmetro.,IPMA open-data forecast/warnings/warnings_www.json
2026-10-06T15:00:00,2026-10-06T15:21:42Z,Matosinhos,Porto,1308,1130800,Avisos meteorológicos,Distrito do Porto (área de aviso PTO),2026-10-06,2026-10-06T11:59:00,2026-10-09T11:00:00,Nevoeiro,Verde,0,Verde,,Sem aviso meteorológico ativo acima de Verde para este parâmetro.,IPMA open-data forecast/warnings/warnings_www.json
2026-10-06T15:00:00,2026-10-06T15:21:42Z,Matosinhos,Porto,1308,1130800,Avisos meteorológicos,Distrito do Porto (área de aviso PTO),2026-10-06,2026-10-06T11:59:00,2026-10-09T11:00:00,Precipitação,Verde,0,Verde,,Sem aviso meteorológico ativo acima de Verde para este parâmetro.,IPMA open-data forecast/warnings/warnings_www.json
2026-10-06T15:00:00,2026-10-06T15:21:42Z,Matosinhos,Porto,1308,1130800,Avisos meteorológicos,Distrito do Porto (área de aviso PTO),2026-10-06,2026-10-06T11:59:00,2026-10-09T11:00:00,Tempo Frio,Verde,0,Verde,,Sem aviso meteorológico ativo acima de Verde para este parâmetro.,IPMA open-data forecast/warnings/warnings_www.json
2026-10-06T15:00:00,2026-10-06T15:21:42Z,Matosinhos,Porto,1308,1130800,Avisos meteorológicos,Distrito do Porto (área de aviso PTO),2026-10-06,2026-10-06T11:59:00,2026-10-09T11:00:00,Tempo Quente,Verde,0,Verde,,Sem aviso meteorológico ativo acima de Verde para este parâmetro.,IPMA open-data forecast/warnings/warnings_www.json
2026-10-06T15:00:00,2026-10-06T15:21:42Z,Matosinhos,Porto,1308,1130800,Avisos meteorológicos,Distrito do Porto (área de aviso PTO),2026-10-06,2026-10-06T11:59:00,2026-10-06T15:00:00,Trovoada,Laranja,2,Laranja,"Condições favoráveis para ocorrência de fenómenos meteorológicos severos localizados, como: trovoada; precipitação localmente muito forte, com acumulação entre 20 a 40 mm em 1h; granizo com diâmetro igual ou superior a 2 cm; rajadas iguais ou superiores a 90 km/h.","Situação de risco moderado a elevado; reforçar comunicação, condicionar atividades exteriores e seguir orientações da ANEPC. Evitar espaços abertos, árvores isoladas, estruturas metálicas e atividades aquáticas durante trovoada.",IPMA open-data forecast/warnings/warnings_www.json
2026-10-06T15:00:00,2026-10-06T15:21:42Z,Matosinhos,Porto,1308,1130800,Avisos meteorológicos,Distrito do Porto (área de aviso PTO),2026-10-06,2026-10-06T15:00:00,2026-10-06T18:00:00,Trovoada,Amarelo,1,Amarelo,"Condições favoráveis para ocorrência de fenómenos meteorológicos localizados, como: trovoada; precipitação localmente forte, com acumulação entre 10 a 20 mm em 1 h; granizo com diâmetro inferior a 2 cm; rajadas entre 70 e 90 km/h.","Situação de risco para atividades expostas à meteorologia; acompanhar atualizações IPMA e adaptar atividades sensíveis. Evitar espaços abertos, árvores isoladas, estruturas metálicas e atividades aquáticas durante trovoada.",IPMA open-data forecast/warnings/warnings_www.json
2026-10-06T15:00:00,2026-10-06T15:21:42Z,Matosinhos,Porto,1308,1130800,Avisos meteorológicos,Distrito do Porto (área de aviso PTO),2026-10-06,2026-10-06T11:59:00,2026-10-09T11:00:00,Trovoada,Verde,0,Verde,,Sem aviso meteorológico ativo acima de Verde para este parâmetro.,IPMA open-data forecast/warnings/warnings_www.json
2026-10-06T15:00:00,2026-10-06T15:21:42Z,Matosinhos,Porto,1308,1130800,Avisos meteorológicos,Distrito do Porto (área de aviso PTO),2026-10-06,2026-10-06T11:59:00,2026-10-09T11:00:00,Vento,Verde,0,Verde,,Sem aviso meteorológico ativo acima de Verde para este parâmetro.,IPMA open-data forecast/warnings/warnings_www.json
2026-10-06 09:35:02,2026-10-06T15:21:42Z,Matosinhos,Porto,1308,1130800,Risco de incêndio rural,Concelho de Matosinhos,2026-10-07,2026-10-07,,Risco de Incêndio Rural,Risco reduzido,0,Verde,RCM 1 - Risco reduzido,Manter vigilância e evitar comportamentos de ignição no espaço rural.,IPMA open-data forecast/meteorology/rcm
