"source_updated_at","fetched_at","location","district","dico","requested_latitude","requested_longitude","grid_latitude","grid_longitude","elevation_m","timezone","model","forecast_date","horizon_days","horizon_label","temperature_2m_min_c","temperature_2m_max_c","temperature_2m_mean_c","apparent_temperature_min_c","apparent_temperature_max_c","source"
"2026-09-30T15:03:44Z","2026-09-30T15:03:44Z","Matosinhos","Porto","1308","41.1805","-8.681","41.1875","-8.6875","20","Europe/Lisbon","best_match","2026-09-30","0","D+0",16.7,19.2,17.8,17.7,20.2,"Open-Meteo Forecast API"
"2026-09-30T15:03:44Z","2026-09-30T15:03:44Z","Matosinhos","Porto","1308","41.1805","-8.681","41.1875","-8.6875","20","Europe/Lisbon","best_match","2026-10-01","1","D+1",14.3,19.9,17,13.6,19.2,"Open-Meteo Forecast API"
"2026-09-30T15:03:44Z","2026-09-30T15:03:44Z","Matosinhos","Porto","1308","41.1805","-8.681","41.1875","-8.6875","20","Europe/Lisbon","best_match","2026-10-02","2","D+2",16.4,24.6,19.5,15.5,25.5,"Open-Meteo Forecast API"
"2026-09-30T15:03:44Z","2026-09-30T15:03:44Z","Matosinhos","Porto","1308","41.1805","-8.681","41.1875","-8.6875","20","Europe/Lisbon","best_match","2026-10-03","3","D+3",17.9,24.8,20.7,19.1,26.2,"Open-Meteo Forecast API"
"2026-09-30T15:03:44Z","2026-09-30T15:03:44Z","Matosinhos","Porto","1308","41.1805","-8.681","41.1875","-8.6875","20","Europe/Lisbon","best_match","2026-10-04","4","D+4",18.9,25.8,21.6,20,26.8,"Open-Meteo Forecast API"
"2026-09-30T15:03:44Z","2026-09-30T15:03:44Z","Matosinhos","Porto","1308","41.1805","-8.681","41.1875","-8.6875","20","Europe/Lisbon","best_match","2026-10-05","5","D+5",18,21.2,19.9,20.1,23.8,"Open-Meteo Forecast API"
"2026-09-30T15:03:44Z","2026-09-30T15:03:44Z","Matosinhos","Porto","1308","41.1805","-8.681","41.1875","-8.6875","20","Europe/Lisbon","best_match","2026-10-06","6","D+6",17.6,20.2,18.7,19.4,22,"Open-Meteo Forecast API"
"2026-09-30T15:03:44Z","2026-09-30T15:03:44Z","Matosinhos","Porto","1308","41.1805","-8.681","41.1875","-8.6875","20","Europe/Lisbon","best_match","2026-10-07","7","D+7",16.5,24.5,19.6,18.2,26.3,"Open-Meteo Forecast API"
"2026-09-30T15:03:44Z","2026-09-30T15:03:44Z","Matosinhos","Porto","1308","41.1805","-8.681","41.1875","-8.6875","20","Europe/Lisbon","best_match","2026-10-08","8","D+8",18.4,25.2,21.2,18.9,26.4,"Open-Meteo Forecast API"
"2026-09-30T15:03:44Z","2026-09-30T15:03:44Z","Matosinhos","Porto","1308","41.1805","-8.681","41.1875","-8.6875","20","Europe/Lisbon","best_match","2026-10-09","9","D+9",17.4,23.7,20.1,15.2,23.6,"Open-Meteo Forecast API"
"2026-09-30T15:03:44Z","2026-09-30T15:03:44Z","Matosinhos","Porto","1308","41.1805","-8.681","41.1875","-8.6875","20","Europe/Lisbon","best_match","2026-10-10","10","D+10",16,21.8,19,10.8,20.9,"Open-Meteo Forecast API"
"2026-09-30T15:03:44Z","2026-09-30T15:03:44Z","Matosinhos","Porto","1308","41.1805","-8.681","41.1875","-8.6875","20","Europe/Lisbon","best_match","2026-10-11","11","D+11",16.1,23.1,19.2,11.7,22.1,"Open-Meteo Forecast API"
"2026-09-30T15:03:44Z","2026-09-30T15:03:44Z","Matosinhos","Porto","1308","41.1805","-8.681","41.1875","-8.6875","20","Europe/Lisbon","best_match","2026-10-12","12","D+12",16.1,23.7,19.4,11.9,23.3,"Open-Meteo Forecast API"
"2026-09-30T15:03:44Z","2026-09-30T15:03:44Z","Matosinhos","Porto","1308","41.1805","-8.681","41.1875","-8.6875","20","Europe/Lisbon","best_match","2026-10-13","13","D+13",15.8,25,20.1,12.3,24.1,"Open-Meteo Forecast API"
"2026-09-30T15:03:44Z","2026-09-30T15:03:44Z","Matosinhos","Porto","1308","41.1805","-8.681","41.1875","-8.6875","20","Europe/Lisbon","best_match","2026-10-14","14","D+14",15.3,23.4,18.8,12.4,23.7,"Open-Meteo Forecast API"
"2026-09-30T15:03:44Z","2026-09-30T15:03:44Z","Matosinhos","Porto","1308","41.1805","-8.681","41.1875","-8.6875","20","Europe/Lisbon","best_match","2026-10-15","15","D+15",16.6,24.1,19.7,13,22.9,"Open-Meteo Forecast API"
