"metric","lead_days","lead_label","n","mean_error_c","mae_c","rmse_c","median_abs_error_c","p90_abs_error_c","min_error_c","max_error_c","first_valid_date","last_valid_date","calculated_at"
"temperature_2m_min_c","0","D+0",1002,0.494,1.166,1.439,1,2.4,-5.1,3.9,"2023-12-31","2026-09-27","2026-10-04T14:13:07Z"
"temperature_2m_min_c","1","D+1",983,0.403,1.142,1.421,0.9,2.3,-5,4,"2024-01-19","2026-09-27","2026-10-04T14:13:07Z"
"temperature_2m_min_c","2","D+2",982,0.383,1.172,1.471,1,2.3,-4.9,5.7,"2024-01-20","2026-09-27","2026-10-04T14:13:07Z"
"temperature_2m_min_c","3","D+3",981,0.328,1.212,1.542,1,2.5,-5.2,6.8,"2024-01-21","2026-09-27","2026-10-04T14:13:07Z"
"temperature_2m_min_c","4","D+4",980,0.243,1.291,1.64,1.1,2.6,-5.7,5.1,"2024-01-22","2026-09-27","2026-10-04T14:13:07Z"
"temperature_2m_min_c","5","D+5",979,0.705,1.737,2.214,1.4,3.7,-6,8.4,"2024-01-23","2026-09-27","2026-10-04T14:13:07Z"
"temperature_2m_min_c","6","D+6",978,0.706,1.824,2.336,1.4,4,-6.7,8,"2024-01-24","2026-09-27","2026-10-04T14:13:07Z"
"temperature_2m_min_c","7","D+7",977,0.026,1.659,2.16,1.3,3.6,-7.2,7.3,"2024-01-25","2026-09-27","2026-10-04T14:13:07Z"
"temperature_2m_max_c","0","D+0",1002,-1.144,1.794,2.522,1.1,4.3,-10.3,3.4,"2023-12-31","2026-09-27","2026-10-04T14:13:07Z"
"temperature_2m_max_c","1","D+1",983,-1.301,1.795,2.521,1.2,4.4,-9.9,3.7,"2024-01-19","2026-09-27","2026-10-04T14:13:07Z"
"temperature_2m_max_c","2","D+2",982,-1.27,1.833,2.56,1.2,4.4,-9.4,4.6,"2024-01-20","2026-09-27","2026-10-04T14:13:07Z"
"temperature_2m_max_c","3","D+3",981,-1.266,1.866,2.63,1.2,4.5,-10.7,5.3,"2024-01-21","2026-09-27","2026-10-04T14:13:07Z"
"temperature_2m_max_c","4","D+4",980,-1.336,1.924,2.724,1.2,4.81,-12.8,3.6,"2024-01-22","2026-09-27","2026-10-04T14:13:07Z"
"temperature_2m_max_c","5","D+5",979,-1.076,2.292,3.369,1.5,6,-16.3,10.3,"2024-01-23","2026-09-27","2026-10-04T14:13:07Z"
"temperature_2m_max_c","6","D+6",978,-0.994,2.533,3.553,1.8,6.1,-17.2,9.6,"2024-01-24","2026-09-27","2026-10-04T14:13:07Z"
"temperature_2m_max_c","7","D+7",977,-0.485,1.894,2.555,1.4,4,-11.6,11,"2024-01-25","2026-09-27","2026-10-04T14:13:07Z"
