"cycle_id","local_date","phase","source","status","started_at_utc","completed_at_utc","exit_code","message"
"2026-09-28-morning","2026-09-28","report","Relatório diário","ok","2026-09-28T17:27:00Z","2026-09-28T17:27:02Z","0","OK report - generated daily/2026-09-28.md and daily/resumo/2026-09-28.md."
"2026-09-28-afternoon","2026-09-28","data","IPMA meteorologia","erro","2026-09-28T20:40:01Z","2026-09-28T20:40:05Z","1","Attaching package: ‘dplyr’ | The following objects are masked from ‘package:stats’: | filter, lag | The following objects are masked from ‘package:base’: | intersect, setdiff, setequal, union | Error in row$signal_level_order[[1]] : subscript out of bounds | Calls: run_weather_only_pipeline ... summary_tropical_night_signal -> summary_signal -> status_text -> vapply -> FUN | Execution halted"
"2026-09-28-afternoon","2026-09-28","data","Noites tropicais IPMA","erro","2026-09-28T20:40:05Z","2026-09-28T20:40:06Z","1","Attaching package: ‘dplyr’ | The following objects are masked from ‘package:stats’: | filter, lag | The following objects are masked from ‘package:base’: | intersect, setdiff, setequal, union | Error in row$signal_level_order[[1]] : subscript out of bounds | Calls: tn_run ... summary_tropical_night_signal -> summary_signal -> status_text -> vapply -> FUN | Execution halted"
"2026-09-28-afternoon","2026-09-28","data","SNS/INSA","erro","2026-09-28T20:40:06Z","2026-09-28T20:40:12Z","1","Attaching package: ‘dplyr’ | The following objects are masked from ‘package:stats’: | filter, lag | The following objects are masked from ‘package:base’: | intersect, setdiff, setequal, union | Error in row$signal_level_order[[1]] : subscript out of bounds | Calls: run_sns_health_only_pipeline ... summary_tropical_night_signal -> summary_signal -> status_text -> vapply -> FUN | Execution halted"
"2026-09-28-afternoon","2026-09-28","data","Clima Extremo","erro","2026-09-28T20:40:12Z","2026-09-28T20:40:32Z","1","Attaching package: ‘dplyr’ | The following objects are masked from ‘package:stats’: | filter, lag | The following objects are masked from ‘package:base’: | intersect, setdiff, setequal, union | OK clima-extremo - 0 row(s) collected; archive has 2073 row(s); report: . | Error: Clima Extremo indisponível; cache usada quando possível: subscript out of bounds | In addition: Warning messages: | 1: Clima Extremo indisponível; a usar cache se existir: subscript out of bounds | 2: Clima Extremo: não foi possível atualizar a secção diária com cache: subscript out of bounds | Execution halted"
"2026-09-28-afternoon","2026-09-28","data","Avisos IPMA","erro","2026-09-28T20:40:32Z","2026-09-28T20:40:33Z","1","Attaching package: ‘dplyr’ | The following objects are masked from ‘package:stats’: | filter, lag | The following objects are masked from ‘package:base’: | intersect, setdiff, setequal, union | Error in row$signal_level_order[[1]] : subscript out of bounds | Calls: run_alerts_pipeline ... summary_tropical_night_signal -> summary_signal -> status_text -> vapply -> FUN | Execution halted"
"2026-09-28-afternoon","2026-09-28","data","Águas balneares APA","erro","2026-09-28T20:40:33Z","2026-09-28T20:40:35Z","1","Attaching package: ‘dplyr’ | The following objects are masked from ‘package:stats’: | filter, lag | The following objects are masked from ‘package:base’: | intersect, setdiff, setequal, union | Error in row$signal_level_order[[1]] : subscript out of bounds | Calls: bw_run ... summary_tropical_night_signal -> summary_signal -> status_text -> vapply -> FUN | Execution halted"
"2026-09-28-afternoon","2026-09-28","data","Erro das previsões IPMA","ok","2026-09-28T20:40:35Z","2026-09-28T20:40:36Z","0","Attaching package: ‘dplyr’ | The following objects are masked from ‘package:stats’: | filter, lag | The following objects are masked from ‘package:base’: | intersect, setdiff, setequal, union | OK forecast error - 1694 forecast row(s), 20 summary row(s)."
"2026-09-28-afternoon","2026-09-28","data","Open-Meteo temperatura","ok","2026-09-28T20:40:36Z","2026-09-28T20:40:40Z","0","OK Open-Meteo - history | Open-Meteo histórico atualizado: 31 linha(s). | OK Open-Meteo - forecast | Open-Meteo previsão futura atualizada: 16 linha(s). | OK Open-Meteo - historical-forecast | Open-Meteo arquivo de previsões atualizado: 31 linha(s). | OK Open-Meteo - previous-runs | Open-Meteo previous runs atualizados: 248 linha(s). | OK Open-Meteo - errors | Open-Meteo erros calculados: 7870 linha(s). | Attaching package: ‘dplyr’ | The following objects are masked from ‘package:stats’: | filter, lag | The following objects are masked from ‘package:base’: | intersect, setdiff, setequal, union | Open-Meteo histórico atualizado: 31 linha(s). | Open-Meteo previsão futura atualizada: 16 linha(s). | Open-Meteo arquivo de previsões atualizado: 31 linha(s). | Open-Meteo previous runs atualizados: 248 linha(s). | Open-Meteo erros calculados: 7870 linha(s). | Open-Meteo finished without recorded task errors."
"2026-09-28-afternoon","2026-09-28","data","Comparação IPMA/Open-Meteo","ok","2026-09-28T20:40:40Z","2026-09-28T20:40:42Z","0","Attaching package: ‘dplyr’ | The following objects are masked from ‘package:stats’: | filter, lag | The following objects are masked from ‘package:base’: | intersect, setdiff, setequal, union | Temperature forecast comparison updated: 681 observation references, 5144 paired rows and 1186 summary rows."
"2026-09-28-afternoon","2026-09-28","data","Temperatura percentil ERA5-Land","ok","2026-09-28T20:40:42Z","2026-09-28T20:40:42Z","0","SKIP ERA5-Land percentile alerts - percentile file is not available."
"2026-09-28-afternoon","2026-09-28","data","QualAr","erro","2026-09-28T20:40:42Z","2026-09-28T20:40:44Z","1","Attaching package: ‘dplyr’ | The following objects are masked from ‘package:stats’: | filter, lag | The following objects are masked from ‘package:base’: | intersect, setdiff, setequal, union | Error in row$signal_level_order[[1]] : subscript out of bounds | Calls: write_daily_report ... summary_tropical_night_signal -> summary_signal -> status_text -> vapply -> FUN | Execution halted"
