cycle_id,completed_at_utc
2026-05-27-morning,2026-05-27T09:26:25Z
2026-05-27-afternoon,2026-05-27T16:36:42Z
2026-05-28-morning,2026-05-28T11:43:09Z
2026-05-28-afternoon,2026-05-28T17:36:19Z
2026-05-29-morning,2026-05-29T10:02:34Z
2026-05-29-morning-data,2026-05-29T10:02:34Z
2026-05-29-morning-report,2026-05-29T10:02:34Z
2026-05-29-afternoon-data,2026-05-29T17:52:54Z
2026-05-29-afternoon-report,2026-05-29T18:16:02Z
2026-05-30-morning-data,2026-05-30T10:24:54Z
2026-05-30-morning-report,2026-05-30T10:47:09Z
2026-05-30-afternoon-data,2026-05-30T15:50:18Z
2026-05-30-afternoon-report,2026-05-30T16:10:20Z
2026-05-31-morning-data,2026-05-31T10:32:16Z
2026-05-31-morning-report,2026-05-31T10:56:00Z
2026-05-31-afternoon-data,2026-05-31T15:52:04Z
2026-05-31-afternoon-report,2026-05-31T16:18:38Z
2026-06-01-morning-data,2026-06-01T14:38:53Z
2026-06-01-morning-report,2026-06-01T14:59:25Z
2026-06-01-afternoon-data,2026-06-01T19:31:12Z
2026-06-01-afternoon-report,2026-06-01T19:58:07Z
2026-06-02-morning-data,2026-06-02T12:27:23Z
2026-06-02-morning-report,2026-06-02T12:40:24Z
2026-06-02-afternoon-data,2026-06-02T18:23:39Z
2026-06-02-afternoon-report,2026-06-02T18:48:37Z
2026-06-03-morning-data,2026-06-03T12:57:05Z
2026-06-03-morning-report,2026-06-03T13:14:47Z
2026-06-03-afternoon-data,2026-06-03T18:36:51Z
2026-06-03-afternoon-report,2026-06-03T18:52:54Z
2026-06-04-morning-data,2026-06-04T11:34:05Z
2026-06-04-morning-report,2026-06-04T11:51:18Z
2026-06-04-afternoon-data,2026-06-04T17:30:59Z
2026-06-04-afternoon-report,2026-06-04T17:49:28Z
2026-06-05-morning-data,2026-06-05T11:44:42Z
2026-06-05-morning-report,2026-06-05T12:07:29Z
2026-06-05-afternoon-data,2026-06-05T17:01:38Z
2026-06-05-afternoon-report,2026-06-05T17:23:10Z
2026-06-06-morning-data,2026-06-06T10:31:28Z
2026-06-06-morning-report,2026-06-06T10:52:49Z
2026-06-06-afternoon-data,2026-06-06T15:53:18Z
2026-06-06-afternoon-report,2026-06-06T16:14:05Z
2026-06-07-morning-data,2026-06-07T10:42:05Z
2026-06-07-morning-report,2026-06-07T11:08:06Z
2026-06-07-afternoon-data,2026-06-07T15:52:52Z
2026-06-07-afternoon-report,2026-06-07T16:24:18Z
2026-06-08-morning-data,2026-06-08T12:47:40Z
2026-06-08-morning-report,2026-06-08T13:06:14Z
2026-06-08-afternoon-data,2026-06-08T17:36:39Z
2026-06-08-afternoon-report,2026-06-08T18:05:53Z
2026-06-09-morning-data,2026-06-09T11:42:29Z
2026-06-09-morning-report,2026-06-09T11:58:57Z
2026-06-09-afternoon-data,2026-06-09T17:10:59Z
2026-06-09-afternoon-report,2026-06-09T17:27:41Z
2026-06-10-morning-data,2026-06-10T11:54:47Z
2026-06-10-morning-report,2026-06-10T12:19:03Z
2026-06-10-afternoon-data,2026-06-10T17:44:08Z
2026-06-10-afternoon-report,2026-06-10T18:08:41Z
2026-06-11-morning-data,2026-06-11T12:30:06Z
2026-06-11-morning-report,2026-06-11T12:43:46Z
2026-06-11-afternoon-data,2026-06-11T17:52:47Z
2026-06-11-afternoon-report,2026-06-11T18:26:00Z
2026-06-12-morning-data,2026-06-12T12:01:18Z
2026-06-12-morning-report,2026-06-12T12:18:16Z
2026-06-12-afternoon-data,2026-06-12T17:25:08Z
2026-06-12-afternoon-report,2026-06-12T17:41:02Z
2026-06-13-morning-data,2026-06-13T10:59:20Z
2026-06-13-morning-report,2026-06-13T11:12:51Z
2026-06-13-afternoon-data,2026-06-13T16:01:26Z
2026-06-13-afternoon-report,2026-06-13T16:21:47Z
2026-06-14-morning-data,2026-06-14T11:15:08Z
2026-06-14-morning-report,2026-06-14T11:29:02Z
2026-06-14-afternoon-data,2026-06-14T16:08:59Z
2026-06-14-afternoon-report,2026-06-14T16:43:08Z
2026-06-15-morning-data,2026-06-15T14:45:07Z
2026-06-15-morning-report,2026-06-15T15:13:05Z
2026-06-15-afternoon-data,2026-06-15T18:51:39Z
2026-06-15-afternoon-report,2026-06-15T19:08:05Z
2026-06-16-morning-data,2026-06-16T13:14:06Z
2026-06-16-morning-report,2026-06-16T13:27:26Z
2026-06-16-afternoon-data,2026-06-16T18:44:49Z
2026-06-16-afternoon-report,2026-06-16T18:57:27Z
2026-06-17-morning-data,2026-06-17T12:38:25Z
2026-06-17-morning-report,2026-06-17T12:51:02Z
2026-06-17-afternoon-data,2026-06-17T17:31:35Z
2026-06-17-afternoon-report,2026-06-17T17:52:56Z
2026-06-18-morning-data,2026-06-18T12:03:59Z
2026-06-18-morning-report,2026-06-18T12:23:06Z
2026-06-19-morning-data,2026-06-19T12:33:17Z
2026-06-19-morning-report,2026-06-19T12:44:16Z
2026-06-19-afternoon-data,2026-06-19T17:00:49Z
2026-06-19-afternoon-report,2026-06-19T17:23:48Z
2026-06-20-morning-data,2026-06-20T10:59:49Z
2026-06-20-morning-report,2026-06-20T11:15:32Z
2026-06-20-afternoon-data,2026-06-20T16:00:53Z
2026-06-20-afternoon-report,2026-06-20T16:25:53Z
2026-06-21-morning-data,2026-06-21T11:32:52Z
2026-06-21-morning-report,2026-06-21T11:44:24Z
2026-06-21-afternoon-data,2026-06-21T16:17:17Z
2026-06-21-afternoon-report,2026-06-21T16:50:40Z
2026-06-22-morning-data,2026-06-22T14:14:54Z
2026-06-22-morning-report,2026-06-22T14:35:39Z
2026-06-22-afternoon-data,2026-06-22T18:34:05Z
2026-06-22-afternoon-report,2026-06-22T18:52:14Z
2026-06-23-morning-data,2026-06-23T11:41:03Z
2026-06-23-morning-report,2026-06-23T11:58:48Z
2026-06-23-afternoon-data,2026-06-23T17:02:17Z
2026-06-23-afternoon-report,2026-06-23T17:21:11Z
2026-06-24-morning-data,2026-06-24T11:24:25Z
2026-06-24-morning-report,2026-06-24T11:43:54Z
2026-06-24-afternoon-data,2026-06-24T16:39:17Z
2026-06-24-afternoon-report,2026-06-24T17:11:07Z
2026-06-25-morning-data,2026-06-25T11:17:07Z
2026-06-25-morning-report,2026-06-25T11:39:05Z
2026-06-25-afternoon-data,2026-06-25T16:42:10Z
2026-06-25-afternoon-report,2026-06-25T17:19:48Z
2026-06-26-morning-data,2026-06-26T11:25:40Z
2026-06-26-morning-report,2026-06-26T11:44:00Z
2026-06-26-afternoon-data,2026-06-26T16:33:36Z
2026-06-26-afternoon-report,2026-06-26T17:05:12Z
2026-06-27-morning-data,2026-06-27T10:34:22Z
2026-06-27-morning-report,2026-06-27T10:56:31Z
2026-06-27-afternoon-data,2026-06-27T15:50:43Z
2026-06-27-afternoon-report,2026-06-27T16:13:11Z
2026-06-28-morning-data,2026-06-28T10:41:33Z
2026-06-28-morning-report,2026-06-28T11:05:28Z
2026-06-28-afternoon-data,2026-06-28T15:52:23Z
2026-06-28-afternoon-report,2026-06-28T16:19:38Z
2026-06-29-morning-data,2026-06-29T12:47:39Z
2026-06-29-morning-report,2026-06-29T13:05:10Z
2026-06-29-afternoon-data,2026-06-29T17:18:11Z
2026-06-29-afternoon-report,2026-06-29T17:45:07Z
2026-06-30-morning-data,2026-06-30T11:29:44Z
2026-06-30-morning-report,2026-06-30T11:44:25Z
2026-06-30-afternoon-data,2026-06-30T16:38:43Z
2026-06-30-afternoon-report,2026-06-30T17:09:54Z
2026-07-01-morning-data,2026-07-01T11:40:29Z
2026-07-01-morning-report,2026-07-01T11:59:27Z
2026-07-01-afternoon-data,2026-07-01T16:57:15Z
2026-07-01-afternoon-report,2026-07-01T17:21:40Z
2026-07-02-morning-data,2026-07-02T11:09:07Z
2026-07-02-morning-report,2026-07-02T11:32:36Z
2026-07-02-afternoon-data,2026-07-02T16:21:17Z
2026-07-02-afternoon-report,2026-07-02T16:56:48Z
2026-07-03-morning-data,2026-07-03T11:11:31Z
2026-07-03-morning-report,2026-07-03T11:30:10Z
2026-07-03-afternoon-data,2026-07-03T16:08:20Z
2026-07-03-afternoon-report,2026-07-03T16:41:23Z
2026-07-04-morning-data,2026-07-04T10:34:29Z
2026-07-04-morning-report,2026-07-04T10:53:09Z
2026-07-04-afternoon-data,2026-07-04T15:44:11Z
2026-07-04-afternoon-report,2026-07-04T16:10:28Z
2026-07-05-morning-data,2026-07-05T10:39:02Z
2026-07-05-morning-report,2026-07-05T11:03:15Z
2026-07-05-afternoon-data,2026-07-05T15:49:46Z
2026-07-05-afternoon-report,2026-07-05T16:15:46Z
2026-07-06-morning-data,2026-07-06T12:26:14Z
2026-07-06-morning-report,2026-07-06T12:44:11Z
2026-07-06-afternoon-data,2026-07-06T17:23:17Z
2026-07-06-afternoon-report,2026-07-06T17:49:32Z
2026-07-07-morning-data,2026-07-07T11:26:15Z
2026-07-07-morning-report,2026-07-07T11:46:55Z
2026-07-07-afternoon-data,2026-07-07T16:57:45Z
2026-07-07-afternoon-report,2026-07-07T17:23:46Z
2026-07-08-morning-data,2026-07-08T10:37:41Z
2026-07-08-morning-report,2026-07-08T11:02:09Z
2026-07-08-afternoon-data,2026-07-08T16:16:12Z
